variant,0M_G_Reads,0M_G_PFL,30uM_G_Reads,30uM_G_PFL,90uM_G_Reads,90uM_G_PFL,225uM_G_Reads,225uM_G_PFL,550uM_G_Reads,550uM_G_PFL,1250uM_G_Reads,1250uM_G_PFL,2750uM_G_Reads,2750uM_G_PFL,6000uM_G_Reads,6000uM_G_PFL,12500uM_G_Reads,12500uM_G_PFL,25mM_G_Reads,25mM_G_PFL,50mM_G_Reads,50mM_G_PFL,100mM_G_Reads,100mM_G_PFL
Conc.,0,0,0,3.00E-05,0,9.00E-05,0,0.000225,0,0.00055,0,0.00125,0,0.00275,0,0.006,0,0.0125,0,0.025,0,0.05,0,0.1
WT,3470655,7.774411458,1994027,10.48797233,3506389,16.90893395,2471054,25.83306557,3464889,38.48019374,3892894,51.91715983,1821554,57.35992455,1592879,60.3785975,1760329,64.03064427,1651362,65.08482089,2357205,62.7485942,2310283,64.3222497
A-1C,1166,39.36535163,577,35.87521664,1194,38.77721943,840,43.45238095,1202,46.17304493,1421,52.70935961,782,56.26598465,595,58.31932773,694,66.57060519,577,71.05719237,875,66.85714286,887,68.77113867
A-1G,7764,6.980937661,4569,7.922959072,8556,12.23702665,5354,19.01382144,7261,28.38452004,8565,41.29597198,3969,48.70244394,3308,55.41112455,3858,58.24261275,3519,61.97783461,5251,52.80898876,4735,59.17634636
A-1T,27248,9.857604228,13886,11.44318018,26609,15.83298884,17335,22.00749928,23061,32.57447639,24544,48.2398957,13465,57.35610843,9510,61.69295478,11188,67.25062567,10490,67.83603432,15503,66.41295233,14394,66.64582465
T1A,20511,8.434498562,10682,11.89852088,19860,18.82678751,12617,30.26075929,16788,45.01429593,19374,58.98627026,10695,64.2169238,7908,65.42741528,9443,71.73567722,8626,72.18873174,12342,70.63684978,11889,69.1731853
T1C,7576,6.810982049,3821,8.714996074,7497,13.77884487,4707,22.90206076,6589,36.4243436,7010,51.2553495,4043,59.83180806,2779,65.56315221,3382,70.72738025,2929,70.80914988,4267,68.52589641,4201,67.91240181
T1G,933,7.288317256,562,10.14234875,1037,11.95756991,627,21.05263158,887,31.22886133,956,44.56066946,516,52.90697674,426,55.39906103,421,68.64608076,412,60.4368932,560,66.96428571,563,65.89698046
C2A,8534,8.272791188,4516,9.012400354,8630,11.50637312,5799,16.58906708,7875,24.15238095,9041,35.83674372,4973,43.93726121,3648,48.16337719,4171,53.58427236,3731,55.18627714,5561,53.60546664,5305,53.40245052
C2G,1453,5.849965588,759,8.432147563,1605,10.28037383,966,12.21532091,1327,22.38131123,1572,30.21628499,839,39.45172825,586,42.32081911,723,44.81327801,655,49.92366412,931,48.12030075,930,51.50537634
C2T,6847,8.967430992,3464,9.122401848,6716,12.52233472,4580,17.37991266,6529,26.00704549,7147,37.77808871,3615,47.60719225,2992,50.76871658,3430,57.696793,3029,55.59590624,4502,54.66459351,4244,53.95852969
T3A,10191,9.508389756,5709,10.42214048,10840,12.66605166,7387,16.58318668,11049,20.88876821,12870,29.24630925,6951,34.98777154,5223,38.06241624,5677,41.7474018,4909,41.10816867,7274,43.09870773,7091,43.35072627
T3C,9502,6.09345401,4811,7.108709208,9433,8.894307219,6622,9.951676231,9811,12.43502191,11792,17.1641791,6802,20.3028521,4749,24.17351021,5309,25.14597853,4817,25.65912394,6553,27.98718144,6445,30.36462374
T3G,1005,5.373134328,523,5.162523901,1019,7.850834151,676,10.65088757,1026,11.59844055,1373,17.26147123,694,23.91930836,530,22.45283019,572,27.44755245,471,32.27176221,724,30.11049724,662,37.16012085
A4C,1590,13.64779874,742,11.85983827,1531,16.19856303,1158,18.82556131,1660,21.3253012,1897,25.19768055,1117,31.69203223,861,31.70731707,915,32.67759563,894,35.68232662,1253,33.04070231,1235,38.7854251
A4G,6981,7.806904455,3807,8.878381928,6975,10.85304659,4835,15.44984488,7064,21.48924122,8096,32.07756917,4315,39.58285052,3096,45.34883721,3526,46.88031764,3383,48.41856341,4605,46.71009772,4769,49.02495282
A4T,13424,10.11620977,6674,9.919089002,12745,12.88348372,8992,17.02624555,13617,22.32503488,15377,31.2999935,8698,35.93929639,6255,39.29656275,6848,43.23890187,6423,44.34065079,9308,42.54404813,9088,45.64260563
G5A,8470,9.976387249,4224,11.97916667,7924,14.44977284,5442,20.3785373,8008,27.24775225,9129,39.85102421,5183,46.78757476,3721,52.4321419,4072,54.24852652,3648,57.0997807,5421,55.48791736,5061,56.13515116
G5C,2456,10.21986971,1232,9.983766234,2212,13.0198915,1605,15.76323988,2368,18.53885135,2773,23.62062748,1667,24.895021,1085,30.32258065,1257,30.07159905,1253,32.0830008,1842,32.51900109,1666,31.57262905
G5T,4850,7.773195876,2184,8.470695971,4263,11.16584565,3091,15.69071498,4436,22.61045987,4856,34.53459638,2760,42.24637681,1766,48.41449604,2077,51.03514685,1890,50.74074074,2659,51.59834524,2637,51.23246113
