,WT,A-1C,A-1G,A-1U,U1A,U1C,U1G,C2A,C2G,C2U,U3A,U3C,U3G,A4C,A4G,A4U,G5A,G5C,G5U,U6A,U6C,U6G,U7A,U7C,U7G,G8A,G8C,G8U,A9C,A9G,A9U,A10C,A10G,A10U,G11A,G11C,G11U,A12C,A12G,A12U,G13A,G13C,G13U,U14A,U14C,U14G,A15C,A15G,A15U,U16A,U16C,U16G,A17C,A17G,A17U,A18C,A18G,A18U,G19A,G19C,G19U,A20C,A20G,A20U,G21A,G21C,G21U,A22C,A22G,A22U,G23A,G23C,G23U,A24C,A24G,A24U,U25A,U25C,U25G,C26A,C26G,C26U,C27A,C27G,C27U,U28A,U28C,U28G,A29C,A29G,A29U,U30A,U30C,U30G,U31A,U31C,U31G,U32A,U32C,U32G,U33A,U33C,U33G,A34C,A34G,A34U,A35C,A35G,A35U,A36C,A36G,A36U,G37A,G37C,G37U,G38A,G38C,G38U,A39C,A39G,A39U,C40A,C40G,C40U,G41A,G41C,G41U,C42A,C42G,C42U,C43A,C43G,C43U,G44A,G44C,G44U,A45C,A45G,A45U,A46C,A46G,A46U,G47A,G47C,G47U,G48A,G48C,G48U,G49A,G49C,G49U,A50C,A50G,A50U,C51A,C51G,C51U,A52C,A52G,A52U,A53C,A53G,A53U,U54A,U54C,U54G,C55A,C55G,C55U,U56A,U56C,U56G,A57C,A57G,A57U,U58A,U58C,U58G,G59A,G59C,G59U,U60A,U60C,U60G,U61A,U61C,U61G,U62A,U62C,U62G,A63C,A63G,A63U,U64A,U64C,U64G,C65A,C65G,C65U,C66A,C66G,C66U,C67A,C67G,C67U,A68C,A68G,A68U,A69C,A69G,A69U,U70A,U70C,U70G,A71C,A71G,A71U,A72C,A72G,A72U,A73C,A73G,A73U,A74C,A74G,A74U,C75A,C75G,C75U,A76C,A76G,A76U,U77A,U77C,U77G,A78C,A78G,A78U,G79A,G79C,G79U,A80C,A80G,A80U,G81A,G81C,G81U,A82C,A82G,A82U,A83C,A83G,A83U,A84C,A84G,A84U,U85A,U85C,U85G,U86A,U86C,U86G,C87A,C87G,C87U,U88A,U88C,U88G,C89A,C89G,C89U,A90C,A90G,A90U,G91A,G91C,G91U,G92A,G92C,G92U,C93A,C93G,C93U,A94C,A94G,A94U,A95C,A95G,A95U,A96C,A96G,A96U,A97C,A97G,A97U,G98A,G98C,G98U,A99C,A99G,A99U,A100C,A100G,A100U,U101A,U101C,U101G,U102A,U102C,U102G,A103C,A103G,A103U,U104A,U104C,U104G,A105C,A105G,A105U,C106A,C106G,C106U,U107A,U107C,U107G,U108A,U108C,U108G,U109A,U109C,U109G,G110A,G110C,G110U,A111C,A111G,A111U,U112A,U112C,U112G,A113C,A113G,A113U,G114A,G114C,G114U,A115C,A115G,A115U,C116A,C116G,C116U,U117A,U117C,U117G,C118A,C118G,C118U,U119A,U119C,U119G,G120A,G120C,G120U,G121A,G121C,G121U,A122C,A122G,A122U,A123C,A123G,A123U,A124C,A124G,A124U,G125A,G125C,G125U,U126A,U126C,U126G,A127C,A127G,A127U,A128C,A128G,A128U,A129C,A129G,A129U,C130A,C130G,C130U,A131C,A131G,A131U,G132A,G132C,G132U,A133C,A133G,A133U,G134A,G134C,G134U,A135C,A135G,A135U,G136A,G136C,G136U,A137C,A137G,A137U,G138A,G138C,G138U,A139C,A139G,A139U,G140A,G140C,G140U,C141A,C141G,C141U,G142A,G142C,G142U,A143C,A143G,A143U,A144C,A144G,A144U,C145A,C145G,C145U,G146A,G146C,G146U,U147A,U147C,U147G,G148A,G148C,G148U,G149A,G149C,G149U,G150A,G150C,G150U,G151A,G151C,G151U,U152A,U152C,U152G,U153A,U153C,U153G,U154A,U154C,U154G,G155A,G155C,G155U,U156A,U156C,U156G,U157A,U157C,U157G,C158A,C158G,C158U,U159A,U159C,U159G,C160A,C160G,C160U,U161A,U161C,U161G,C162A,C162G,C162U,U163A,U163C,U163G,U164A,U164C,U164G,U165A,U165C,U165G,A166C,A166G,A166U,U167A,U167C,U167G,U168A,U168C,U168G,U169A,U169C,U169G,U170A,U170C,U170G,U171A,U171C,U171G,U172A,U172C,U172G,U173A,U173C,U173G
,,,,,,,,,,,,,,,,,,,,,,,,,,,,,,,,,,,,,,,,,,,,,,,,,,,,,,,,,,,,,,,,,,,,,,,,,,,,,,,,,,,,,,,,,,,,,,,,,,,,,,,,,,,,,,,,,,,,,,,,,,,,,,,,,,,,,,,,,,,,,,,,,,,,,,,,,,,,,,,,,,,,,,,,,,,,,,,,,,,,,,,,,,,,,,,,,,,,,,,,,,,,,,,,,,,,,,,,,,,,,,,,,,,,,,,,,,,,,,,,,,,,,,,,,,,,,,,,,,,,,,,,,,,,,,,,,,,,,,,,,,,,,,,,,,,,,,,,,,,,,,,,,,,,,,,,,,,,,,,,,,,,,,,,,,,,,,,,,,,,,,,,,,,,,,,,,,,,,,,,,,,,,,,,,,,,,,,,,,,,,,,,,,,,,,,,,,,,,,,,,,,,,,,,,,,,,,,,,,,,,,,,,,,,,,,,,,,,,,,,,,,,,,,,,,,,,,,,,,,,,,,,,,,,,,,,,,,,,,,,,,,,,,,,,,,,,,,,,,,,,,,,,,,,,,,,,,,,,,,,,,,
Best-fit values,,,,,,,,,,,,,,,,,,,,,,,,,,,,,,,,,,,,,,,,,,,,,,,,,,,,,,,,,,,,,,,,,,,,,,,,,,,,,,,,,,,,,,,,,,,,,,,,,,,,,,,,,,,,,,,,,,,,,,,,,,,,,,,,,,,,,,,,,,,,,,,,,,,,,,,,,,,,,,,,,,,,,,,,,,,,,,,,,,,,,,,,,,,,,,,,,,,,,,,,,,,,,,,,,,,,,,,,,,,,,,,,,,,,,,,,,,,,,,,,,,,,,,,,,,,,,,,,,,,,,,,,,,,,,,,,,,,,,,,,,,,,,,,,,,,,,,,,,,,,,,,,,,,,,,,,,,,,,,,,,,,,,,,,,,,,,,,,,,,,,,,,,,,,,,,,,,,,,,,,,,,,,,,,,,,,,,,,,,,,,,,,,,,,,,,,,,,,,,,,,,,,,,,,,,,,,,,,,,,,,,,,,,,,,,,,,,,,,,,,,,,,,,,,,,,,,,,,,,,,,,,,,,,,,,,,,,,,,,,,,,,,,,,,,,,,,,,,,,,,,,,,,,,,,,,,,,,,,,,,,,,
     Ymax,65.11,69.23,59.3,68.73,71.85,71.03,66.67,55.43,50.25,57.03,43.52,28.46,32.84,35.82,49.54,44.87,57.32,32.07,53.12,66.87,56.23,66.94,63.44,59.05,63.31,46.78,26.82,43.06,29.33,36.57,37.82,68.11,65.54,67.2,63.21,55.7,54.79,53.01,64.72,50.09,44.93,39.18,40.47,53.94,61.09,58.02,39.37,62.1,59.89,53.34,58.53,59.04,47.35,62.18,61.38,65.27,65.87,65.17,64.03,51.78,59.53,50.65,50.87,59.77,44.73,19.65,29.17,51.25,59,24.78,61.49,45.42,43.43,71.21,65.06,70.23,67.2,68.54,60.66,62.92,57.42,64.3,23.48,30.63,61.24,68.34,70.92,69.81,73.88,69.09,71.4,70.75,69.57,68.56,70.61,68.39,70.37,68.8,69.23,67.09,68.27,62.25,66.24,25.39,63.59,53.7,57.82,63.49,68.72,63.88,64.8,43.75,60.33,57.77,51.63,51.65,36.71,41.35,55.11,60.64,61.25,58.25,57.44,36.42,39.07,44.59,47.19,28.51,29.53,42,21.47,34.14,25.98,56.56,51.58,17.32,59.21,49.68,52.48,59.45,19.56,56.17,14.76,15.45,19.19,16.11,19.49,16.83,20.33,17.05,54.07,30.95,29.57,19.04,43.92,23.93,19.36,15.97,17.2,14.88,15.67,17.77,22.83,39.62,60.91,59.38,40.48,53.63,62.09,59.57,65.79,60.71,61.82,65.03,60.96,33.62,57.82,38.64,25.83,21.64,49.55,39.85,25,25.95,32.68,57.65,35.57,66.85,67.43,73.22,67.79,53.03,63.06,65.84,71.9,68.71,46.2,50.65,44.82,41,47.02,43.21,43.12,40.75,48.15,74.08,65.8,66.23,72.29,64.12,29.15,55.33,41.63,63.47,48.61,64.77,61.57,51.2,63.91,59.01,58.8,60.97,27.92,58.53,59.46,50.94,31.5,37.1,34.94,33.07,54.9,43.37,31.06,30.89,33.66,27.16,49.88,36.29,31.97,25.41,33.75,47.1,50.64,63.04,50.41,53.43,24.06,18.33,15.73,15.63,16.59,15.63,21.55,59.58,21,62.48,24.81,37.84,13.93,15.54,16.82,15.97,36.89,15.87,56.66,14.76,15.57,15.26,13.85,13.94,17.32,15.21,14.56,16.45,15.78,13.15,20.72,32.94,11.69,19.02,53.05,45.55,61.6,62.92,65.32,64.38,66.83,65.06,63.47,62.04,55.11,41.48,65.43,59.47,64.77,64.72,62.14,62.26,35.58,39.4,53.61,36.55,58.4,48.69,60.04,51.12,53.97,51.88,51.33,58.9,61.45,55.46,51.94,53.22,50.43,55.25,36.15,58.5,52.07,50.64,45.79,60.76,40.56,43.36,49.11,52.57,61.82,57.94,59.27,63.57,61.86,49.89,17.03,34.88,13.78,30.51,36.02,22.8,19.03,22.16,22.73,58.54,39.25,44.72,25.12,30.88,69.71,61.73,61.35,29.01,28.7,29.38,6.993,57.34,9.041,6.621,9.407,23.81,6.438,23.56,6.777,6.911,72.38,11.78,48.76,16.63,35.88,40.99,42.55,45.87,58.68,59.94,65.65,64.92,63.87,66.9,67.7,65.39,67.55,62.88,61.9,61.69,62.27,61.17,62.05,47.41,50.86,51.81,56.66,33.52,30.63,8.426,11.57,6.209,9.449,8.879,35.27,6.197,65.34,11.92,32.12,61.46,28,71.55,86.94,72.32,86.97,70.37,88.9,90.24,82.97,89.11,78.68,63.7,85.51,88.59,84.52,85.87,72.9,66.14,78.16,54.74,76.15,80.52,69,64.89,76.84,49.82,74.85,74.94,78.41,70.12,79.3,63.2,68.42,76.41,74.8,63.35,69.56,64.39,50.77,71.44,55.26,60.09,50.37,43.59,60.7,67.1,30.83,49,39.83,31.63,37.35,41.35,72,73.28,68.37,57.51,68.17,36.38,56.95,62.81,43.24,60.8,26.69,43.74,80.78,74.51,79.95,64.15,26.07,44.14,67.39,45.27,45.4,76.92,56.93,79.34,79.27,74.39,45.45,86.78,76.09,88.21,88.86,83.13,78.63,91.32,86.56,81.91,89.32,87.63,68.08,86.2,54.86,57.84,72.13,80.71,79.51,48.98,60.87,17.45,66.18,73.52,71.43,78.56,77.98,72.31,76.84,79.47,80.02,77.35,77.32,79.16,89.75,28.07,74.6,93.91,50.61,85.29,99.1,71.22,92.58
     Ymin,7.41,38.19,6.477,9.491,7.91,6.237,7.117,7.797,6.195,8.211,9.58,6.698,5.744,13.44,7.537,9.67,9.935,10.3,7.378,6.945,8.183,7.772,7.429,6.817,6.583,7.349,7.94,7.174,7.342,7.577,7.044,8.854,7.674,8.485,7.1,7.478,7.758,7.593,7.277,7.166,7.805,9.285,7.092,8.912,8.003,5.884,5.573,7.829,8.994,8.76,8.299,7.668,9.169,7.387,7.592,7.82,7.893,7.409,7.036,9.019,7.135,8.716,8.017,7.459,8.198,7.786,8.4,8.08,7.573,7.17,7,6.848,7.902,7.189,6.667,6.408,7.142,7.794,6.411,7.264,9.62,7.272,7.987,7.977,7.566,7.114,7.441,6.535,5.773,6.891,6.304,6.77,6.897,7.159,6.574,7.245,6.964,6.994,6.995,6.88,6.944,7.264,7.937,8.346,6.633,7.501,7.394,6.918,6.685,7.155,8.043,8.118,7.899,7.713,8.225,8.914,9.508,9.226,8.113,7.351,6.82,7.421,6.806,8.418,8.438,10.32,7.692,8.891,8.677,9.222,8.899,9.699,8.864,7.416,9.263,7.06,6.851,8.65,7.923,8.407,7.527,7.614,6.645,6.65,7.378,7.039,6.995,6.304,6.328,6.701,7.948,7.214,9.065,7.558,8.313,9.425,7.377,7.217,7.232,6.958,7.163,8.289,9.042,8.91,7.942,11.47,10,8.723,7.339,8.512,7.575,7.044,9.175,7.336,7.775,8.674,8.093,8.904,7.608,7.468,7.13,8.076,7.877,7.763,8.507,8.655,7.504,7.498,8.17,13.26,7.4,6.689,6.39,6.55,9.671,7.028,6.712,6.792,6.041,6.823,6.438,6.316,7.111,7.114,6.395,18.09,7.114,7.571,21.32,7.763,7.903,6.983,10.83,8.438,6.921,6.683,5.794,7.87,7.024,8.073,6.6,7.381,7.85,7.204,7.173,7.624,9.239,9.014,8.044,12.28,7.779,9.28,11.64,8.096,13.84,8.283,8.323,12.57,9.091,8.898,9.175,8.308,8.085,8.103,7.646,6.786,8.701,9.047,7.168,7.86,6.965,7.018,9.007,6.86,7.067,7.438,8.244,8.843,5.971,8.726,6.387,8.044,9.282,8.129,7.779,8.112,7.122,7.637,6.988,6.82,6.642,7.093,7.293,8.04,9.041,11.05,9.026,8.794,8.279,10.27,8.314,6.728,7.113,6.312,6.486,6.744,6.285,7.407,6.612,6.379,6.726,8.404,6.524,7.429,6.955,7.175,5.558,5.982,8.475,7.337,8.377,6.912,5.004,6.31,7.421,7.323,7.124,9.167,8.401,8.625,11.28,8.99,9.32,10.75,10.15,9.283,8.222,8.401,7.146,11.08,13.66,8.891,9.375,8.102,9.74,9.175,9.553,8.346,8.186,8.434,8.869,6.351,6.669,6.85,6.99,7.052,6.401,7.415,6.791,7.311,8.104,10.04,7.086,7.267,9.548,7.105,12.51,10.49,14.13,5.477,5.506,4.884,4.937,8.102,5.427,4.48,6.295,4.778,4.935,5.929,4.418,5.24,20.03,6.773,5.797,6.941,11.06,6.072,6.705,8.126,6.123,6.359,7.619,8.378,7.743,8.337,9.548,9.043,8.56,8.119,6.948,7.466,7.468,6.737,6.74,6.252,7.275,6.854,35.44,7.229,7.336,4.418,5.347,3.173,4.622,4.907,6.453,4.025,7.914,6.206,12.96,6.764,9.775,45.16,62.62,44.34,66.67,13.46,74.03,76.32,46.25,69.65,34.33,9.286,46.94,59.41,50.84,54.26,15.65,11.87,40.4,5.12,20.87,50.42,20,24.08,20.47,6.1,17.32,21.91,25.04,18.85,36.28,6.461,11.99,26.5,22.03,14.36,11.73,9.335,6.106,9.815,6.199,6.448,7.552,5.158,8.926,8.386,4.834,17.99,5.811,5.619,7.391,8.079,12.53,33.96,9.364,18.93,22.23,11.33,21.45,21.24,15.6,16.24,5.028,10.24,50.63,34.25,48.14,19.38,4.436,11.48,37.31,5.092,15.26,58.56,39.78,41.29,67.53,48.54,20.35,86.23,73.14,71.07,90.45,77.33,84.17,78.86,71.14,42.5,58.95,63.19,34.88,40.63,12.51,23,15.57,25.7,39.04,6.574,6.957,1.652,10.61,16.87,13.69,19.06,18.98,13.01,14.58,21.61,14.3,17.82,20.62,13.16,38.95,2.376,40.42,72.84,23.28,40.05,94.78,44.03,67.06
     K,0.0004481,0.00165,0.0007119,0.0007625,0.0003949,0.0006134,0.0007979,0.0009597,0.001033,0.0008746,0.0009698,0.001439,0.001762,0.0009727,0.0009678,0.00089,0.0008231,0.0008523,0.0009599,0.0004733,0.0007159,0.0004626,0.000596,0.0007132,0.0005914,0.001227,0.001244,0.001103,0.0008218,0.001293,0.001341,0.0003954,0.0004309,0.0004077,0.0005171,0.0008503,0.0008958,0.001199,0.0004147,0.001205,0.001452,0.001755,0.001248,0.001133,0.0007946,0.0006047,0.0008322,0.0004791,0.0006689,0.001013,0.0008043,0.0006938,0.001048,0.0004802,0.0006752,0.000354,0.0005538,0.0004823,0.0007331,0.001616,0.002274,0.001796,0.002931,0.002529,0.01073,0.0002206,0.001953,0.006607,0.002082,0.002824,0.00303,0.005557,0.003992,0.0004518,0.0006058,0.0004332,0.0005487,0.0005887,0.0005052,0.0009323,0.001058,0.0004494,0.0003577,0.0003922,0.0005426,0.000424,0.0004446,0.0004495,0.000544,0.0004692,0.0004626,0.0004637,0.0004302,0.0004865,0.0004561,0.0004802,0.0004798,0.0004869,0.0004804,0.0004533,0.0004342,0.0004571,0.0005278,0.0004404,0.0004599,0.000456,0.0004958,0.0004643,0.0004608,0.0004613,0.0004926,0.0004369,0.0005173,0.000688,0.0008703,0.001306,0.001717,0.001525,0.0006561,0.0004613,0.0007837,0.0005845,0.0006147,0.001608,0.001117,0.00932,0.004637,0.001001,0.001782,0.001098,0.0004615,0.0003373,0.0007905,0.003813,0.005518,0.0004614,0.001971,0.004412,0.001234,0.00196,0.0005054,0.001386,0.00054,0.000445,0.0003211,0.0004784,0.0007383,0.0003651,0.0009445,0.0005142,0.0001374,0.00146,0.001667,0.001397,0.003423,0.001075,0.000526,0.0003728,0.0003986,0.0003975,0.0002074,0.0004234,0.001011,0.0007984,0.0006746,0.0006118,0.001276,0.0008073,0.0004697,0.0005567,0.0005829,0.0006356,0.001575,0.0004503,0.0004456,0.0005327,0.0004525,0.0005294,0.0005362,0.0005246,0.0007208,0.0005911,0.0004815,0.0005402,0.000411,0.0003623,0.0003262,0.0003247,0.000344,0.0003476,0.0004696,0.0003706,0.0006066,0.0004282,0.0003155,0.0004218,0.001114,0.0007182,0.001145,0.001376,0.0005134,0.001111,0.001251,0.001437,0.0009671,0.0002048,0.0004912,0.0003626,0.0002942,0.0003648,0.0003486,0.0005533,0.0003779,0.0004197,0.0004066,0.0004399,0.0005935,0.0004417,0.0004114,0.0004913,0.0006498,0.0004023,0.000609,0.0007788,0.0004424,0.0007906,0.0006156,0.0004982,0.000459,0.0005058,0.0004455,0.0004847,0.0004559,0.0004412,0.000583,0.0004727,0.000432,0.0004432,0.0009409,0.002003,0.001617,0.0005928,0.0006451,0.0007124,0.001159,0.00107,0.001773,0.0002627,0.0005204,0.0004954,0.0003651,0.0005265,0.001887,0.0005444,0.00157,0.0002074,0.004402,0.006477,0.0002998,0.0004372,0.0008412,0.0004429,0.004104,0.001069,0.001142,0.0004219,0.0006729,0.0008395,0.0004443,0.0004412,0.0006656,0.008292,0.0003576,0.006184,0.02247,0.01054,0.005306,0.006373,0.0005903,0.0009663,0.003034,0.002629,0.0007523,0.000537,0.0007062,0.0006002,0.0003629,0.0005059,0.0007035,0.0004317,0.0005292,0.0008496,0.0002734,0.0003539,0.0002826,0.0005941,0.0007882,0.0008189,0.0007652,0.0005255,0.0004865,0.009755,0.000625,0.005786,0.0009047,0.0004206,0.0008839,0.001317,0.001136,0.0005692,0.0008413,0.0004525,0.0009344,0.001561,0.001521,0.0007818,0.001855,0.0005426,0.002222,0.001755,0.001395,0.0005919,0.001782,0.00148,0.001425,0.0005272,0.0004878,0.0005225,0.0004194,0.0004589,0.00037,0.001203,0.004039,0.0009669,0.005406,0.001915,0.001876,0.002963,0.002326,0.002514,0.00292,0.001019,0.001613,0.001393,0.001422,0.001516,0.0003828,0.0006015,0.0008615,0.001732,0.001765,0.00221,0.002243,0.00125,0.001917,0.0008866,0.021,0.003368,0.001404,0.003583,0.0006463,0.005536,0.0002898,0.001678,0.0009127,0.002128,0.0004424,0.001144,0.000845,0.0009585,0.0007331,0.0005468,0.0004819,0.0005138,0.0004883,0.0003626,0.000384,0.0004003,0.0003889,0.0004236,0.0004777,0.0005613,0.0006427,0.0005336,0.0005644,0.0009396,0.000851,0.0008549,0.0006732,0.001461,0.001466,0.0004756,0.0007647,0.0005361,0.0003556,0.001066,0.00415,0.001468,0.0004955,0.0002579,0.0005905,0.000698,0.002088,0.00146,0.0002771,0.001037,0.0003553,0.000359,0.0004241,0.0003148,0.0003579,0.0003438,0.0004256,0.0003761,0.0003046,0.0002232,0.0003125,0.0003486,0.0004286,0.0004144,0.0004635,0.0004708,0.0004376,0.0009943,0.0003099,0.000189,0.0003273,0.0005306,0.0003976,0.0004337,0.0003317,0.0004602,0.0003264,0.0004584,0.0003873,0.0005108,0.0003367,0.0004686,0.0004022,0.000467,0.0005447,0.0002892,0.0005454,0.000542,0.0004373,0.0007994,0.0008423,0.000295,0.001399,0.001534,0.001332,0.001717,0.001756,0.001478,0.000391,0.000712,0.0004754,0.000364,0.0003379,0.0004518,0.0003093,0.0003087,0.0004048,0.000255,0.000423,0.0002803,0.0002322,0.0002571,0.0002963,0.0002056,0.0002825,0.0002564,0.0001841,0.0006883,0.0002875,0.0002198,0.0001868,0.0002667,0.0003011,0.0002205,0.0003421,4.70E-05,0.0003178,0.0002314,0.01142,0.0001838,0.06406,0.0002266,0.0003201,0.0002304,0.0002578,0.0002494,0.0003424,0.0002486,0.0005654,0.0005803,0.0005634,0.0004386,0.0003557,0.0004299,0.0004473,0.0009142,0.0005843,0.0004542,0.000486,0.0003903,0.0003837,0.0003798,0.0002836,0.0003814,0.0002421,0.0002736,0.0004544,0.0003674,0.0001787,0.002585,0.0007444,0.0002365,0.001481,0.0002508,0.0001246,0.0004783,0.0001351
Std. Error,,,,,,,,,,,,,,,,,,,,,,,,,,,,,,,,,,,,,,,,,,,,,,,,,,,,,,,,,,,,,,,,,,,,,,,,,,,,,,,,,,,,,,,,,,,,,,,,,,,,,,,,,,,,,,,,,,,,,,,,,,,,,,,,,,,,,,,,,,,,,,,,,,,,,,,,,,,,,,,,,,,,,,,,,,,,,,,,,,,,,,,,,,,,,,,,,,,,,,,,,,,,,,,,,,,,,,,,,,,,,,,,,,,,,,,,,,,,,,,,,,,,,,,,,,,,,,,,,,,,,,,,,,,,,,,,,,,,,,,,,,,,,,,,,,,,,,,,,,,,,,,,,,,,,,,,,,,,,,,,,,,,,,,,,,,,,,,,,,,,,,,,,,,,,,,,,,,,,,,,,,,,,,,,,,,,,,,,,,,,,,,,,,,,,,,,,,,,,,,,,,,,,,,,,,,,,,,,,,,,,,,,,,,,,,,,,,,,,,,,,,,,,,,,,,,,,,,,,,,,,,,,,,,,,,,,,,,,,,,,,,,,,,,,,,,,,,,,,,,,,,,,,,,,,,,,,,,,,,,,,,,
     Ymax,0.6478,1.259,1.362,0.8594,0.8599,0.9067,1.428,0.6906,0.9699,1.073,0.4365,0.7262,1.634,1.068,0.6619,0.6286,0.6438,0.6134,0.7476,0.5165,0.466,1.288,0.692,0.696,0.9894,0.6775,1.067,0.5684,0.6549,0.3504,0.2799,0.8538,0.6682,0.6651,0.7442,1.083,0.7568,1.269,0.7762,0.5164,0.5841,0.934,0.7775,0.9628,0.661,2.104,1.206,0.9074,0.7586,0.8897,1.008,1.688,1.225,0.5059,0.9213,0.552,0.5805,0.6027,0.5962,2.041,1.445,0.8253,2.15,1.242,4.204,1.121,1.952,2.608,1.318,2.115,1.17,3.385,2.987,0.9989,1.031,0.9265,0.7568,0.7983,1.571,0.9519,1.717,0.6336,0.6538,1.187,0.7416,0.7231,0.8216,1.08,1.61,0.9539,0.964,0.765,0.8872,0.7004,0.7335,0.8011,0.7009,0.6836,0.8612,0.8113,0.8501,0.6973,1.004,0.6716,0.796,0.5942,0.6281,0.5108,0.9587,0.7506,0.7736,0.6447,0.8625,1.381,0.961,1.474,1.642,1.802,1.251,0.7913,0.8618,0.7034,1.198,0.9656,0.7734,3.296,2.384,1.163,2.726,0.9822,0.4665,1.199,0.843,1.38,2.745,0.8786,1.212,2.369,0.8418,1.206,0.6976,0.8333,0.5207,0.6533,0.5995,0.4319,0.645,0.4093,0.6449,0.7065,0.6821,0.6331,0.8876,1.008,2.242,1.267,0.6918,0.6794,0.5475,0.4152,0.5252,0.4269,0.7792,0.6572,0.6948,1.782,0.6546,1.136,0.4348,0.4915,0.6994,1.236,1.369,0.8445,0.7742,0.4389,0.4651,0.5396,0.3633,0.7941,0.6625,0.5831,0.4816,0.5338,0.5314,0.577,0.6791,0.6112,0.3704,1.474,1.721,0.6281,0.6851,0.6758,0.6948,2.14,0.6493,0.8798,0.7294,0.6966,1.365,0.7243,0.9075,1.111,0.7509,0.7909,0.6408,0.6684,0.6196,0.5831,0.6804,0.6137,0.9708,2.69,1.297,1.039,1.019,0.6722,0.5996,0.7743,1.03,0.5928,0.4832,0.897,0.5168,0.5915,0.6016,1.517,0.7269,0.5838,0.643,0.4971,0.4806,0.3863,1.175,0.8,0.7226,0.5418,0.7759,1.217,0.9324,1.146,0.4803,0.4811,0.7984,1.19,1.043,0.7846,0.6093,0.5525,0.6789,0.4097,1.253,0.8049,0.9834,0.5557,1.898,2.155,0.5218,0.5312,0.8962,0.7454,1.482,0.8563,0.9452,0.3605,1.344,0.6679,0.4705,0.6028,2.019,1.469,0.3788,1.294,1.355,1.306,1.099,0.9821,0.5619,3.377,2.084,1.733,0.6997,0.8498,1.041,0.7023,0.9348,0.8204,0.8796,0.678,0.6222,0.668,0.6884,0.4749,0.799,1.051,1.215,0.7269,1.081,0.5999,0.6177,1.158,0.9536,0.9979,0.7104,0.6951,1.261,1.004,1.031,1.39,1.897,0.9131,0.9358,0.7224,1.042,2.554,2.526,0.8804,1.112,0.9272,1.787,0.8657,0.8354,0.6618,0.8601,0.5556,0.9022,1.059,0.6781,0.7772,1.309,0.7475,1.046,1.061,1.261,0.5722,0.5046,0.565,0.5458,1.598,1.623,1.211,0.8927,0.7243,1.483,0.7073,0.9884,0.6648,0.6425,0.5687,1.152,0.7274,0.3387,0.9439,0.5857,0.1028,1.785,0.3794,0.2522,0.4144,0.357,0.4208,0.8263,0.5891,1.033,1.147,1.284,1.03,0.725,0.7716,0.5388,0.9546,0.6502,1.358,0.6318,0.7118,0.675,0.9117,0.7866,0.8314,0.5998,1.054,1.118,0.6241,0.5592,0.5533,0.9065,0.421,1.254,0.5337,0.6334,0.3321,0.5245,0.3973,0.2884,0.312,0.737,0.3083,0.7961,0.3766,0.6767,0.8361,0.644,0.58,0.9232,0.8449,0.616,0.8894,0.2523,0.2478,1.401,0.368,0.6936,0.6578,0.396,0.2237,0.6083,0.4577,0.8293,0.7785,0.7295,0.5797,0.791,0.5301,0.7042,0.5892,0.5893,0.5668,0.9052,0.6095,1.703,1.045,0.5958,1.367,0.7827,0.6905,0.7986,1.204,0.5443,0.6314,1.443,0.7642,0.7203,1.215,0.7938,0.8658,1.265,0.7342,0.7268,0.9843,1.138,0.558,0.8459,0.7334,0.4977,0.2697,0.6416,0.3834,0.4471,0.4232,0.3288,0.406,0.3468,0.3273,0.659,0.365,0.2716,0.3131,0.4241,0.3504,0.4802,0.5055,0.4852,1.379,0.6165,0.1971,0.5348,0.3722,0.1758,0.2755,0.6301,0.2174,0.6428,0.2005,0.2596,0.2633,3.521,0.2974,0.695,0.4698,0.3436,0.4176,1.129,0.4425,0.8593,2.584,0.7244,0.622,1.337,0.8023,0.9725,0.7971,1.103,0.7697,1.019,0.4799,0.7285,1.137,0.4747,0.5895,0.614,0.8102,0.7824,0.8647,0.4913,0.7996,0.9878,0.3886,1.599,0.9693,0.07162,0.6857,0.6104
     Ymin,0.4982,1.164,0.8265,0.5815,0.7079,0.5855,0.8746,0.4078,0.5033,0.6773,0.2848,0.3943,0.7489,0.8645,0.3912,0.426,0.4354,0.4559,0.414,0.3597,0.3083,0.9602,0.4659,0.4174,0.642,0.3528,0.6654,0.3135,0.4381,0.1966,0.1483,0.7188,0.5063,0.5293,0.4933,0.6303,0.443,0.6938,0.5986,0.2686,0.3069,0.5083,0.4072,0.5695,0.4316,1.191,0.6856,0.6792,0.5402,0.5446,0.6664,1.124,0.7513,0.3563,0.5995,0.4442,0.4126,0.4239,0.3506,1.096,0.5663,0.3978,0.8194,0.4881,0.8696,1.3,0.97,0.6678,0.5616,0.9091,0.4002,0.8798,0.9643,0.7015,0.6244,0.6172,0.4875,0.5383,0.9699,0.5266,1.005,0.4402,0.624,0.9722,0.4941,0.5095,0.6162,0.736,1.019,0.6651,0.6207,0.5203,0.629,0.4724,0.5009,0.5543,0.4714,0.4669,0.5978,0.5611,0.5925,0.4862,0.6899,0.6104,0.5333,0.4035,0.4153,0.3454,0.633,0.505,0.5473,0.4703,0.5794,0.8547,0.5516,0.788,0.8732,0.948,0.7586,0.5453,0.482,0.4408,0.6958,0.487,0.4332,0.8119,0.7178,0.7433,1.404,0.5736,0.4279,1.161,0.6032,0.4529,0.8467,0.7858,0.4918,0.7876,0.4232,0.5361,0.6141,0.3939,0.4556,0.5977,0.5887,0.3949,0.4741,0.3823,0.4249,0.6001,0.5885,0.3288,0.497,0.6233,0.7964,0.8644,0.5821,0.6986,0.5292,0.4087,0.6246,0.4227,0.5435,0.4199,0.432,1.462,0.3732,0.6654,0.2843,0.3283,0.4524,0.7582,0.723,0.5807,0.5283,0.325,0.3192,0.3943,0.2776,0.6527,0.382,0.3908,0.3864,0.4135,0.4227,0.4439,0.5335,0.4561,0.2837,1.487,1.14,0.4397,0.389,0.4397,0.6098,1.522,0.319,0.5127,0.3396,0.3244,0.8037,0.346,0.4383,0.5189,0.3702,1.024,0.4303,0.4835,0.7573,0.4365,0.5757,0.3759,0.825,1.979,0.9279,0.7126,0.5597,0.4613,0.4173,0.5247,0.6102,0.4225,0.3533,0.4976,0.3504,0.3411,0.4574,1.124,0.5388,0.5175,0.457,0.3676,0.4407,0.3092,1.047,0.6514,0.522,0.4874,0.5075,0.665,0.5003,0.7486,0.3139,0.2959,0.4032,0.5882,0.5863,0.9172,0.5664,0.5266,0.6583,0.3826,0.7308,0.4989,0.5691,0.444,0.7296,0.6474,0.5506,0.5553,0.6528,0.7419,0.5579,0.6841,0.4907,0.3757,1.166,0.5507,0.4643,0.5839,1.664,0.4887,0.4168,0.5017,0.2519,0.4698,0.4574,0.3153,0.5925,3.012,0.7761,0.6499,0.4093,0.5541,0.6585,0.4495,0.7107,0.6109,0.5581,0.4853,0.4291,0.4472,0.5721,0.3797,0.6881,0.7404,0.7009,0.4177,0.807,0.448,0.4716,0.2648,0.5388,0.2763,0.4381,0.539,0.7608,0.6054,0.6237,1.071,1.412,0.7535,0.6348,0.4504,0.6215,1.96,1.317,0.6685,0.481,0.5558,1.336,0.6745,0.4767,0.366,0.5273,0.439,0.7365,0.81,0.5448,0.6101,1.132,0.3844,0.4734,0.6509,0.5408,0.3098,0.2437,0.2814,0.3064,0.862,0.8142,0.8727,0.4557,0.3852,1.039,0.3927,1.111,0.5355,0.5329,0.274,0.5818,0.3064,0.2523,0.5193,0.4216,0.1023,0.3875,0.1454,0.2305,0.1714,0.3963,0.2133,1.139,0.4431,0.5743,0.694,1.302,0.5411,0.4417,0.483,0.3048,0.6574,0.4794,1.048,0.4769,0.6071,0.6308,0.7804,0.6607,0.6609,0.4212,0.7206,0.7669,0.4296,0.3837,0.3265,0.5633,0.2553,1.598,0.2996,0.3677,0.3582,0.483,0.4118,0.3324,0.2695,0.262,0.2525,0.6588,0.4987,0.7202,0.5318,0.4003,0.6287,2.076,1.007,1.316,1.002,0.5135,0.5598,2.442,0.7965,1.05,0.5793,0.8661,0.5918,1.295,0.9606,0.8945,0.7498,1.155,0.3594,0.9963,0.7121,1.001,1.042,0.8473,0.3635,1.108,0.7989,2.732,1.255,1.041,1.065,0.8104,0.9402,1.126,1.155,0.5353,0.529,0.9903,0.7787,0.4839,0.8557,0.6576,0.4882,0.895,0.6695,0.3706,0.7018,0.5733,0.2728,0.4336,0.4072,0.5141,0.3376,0.5424,0.4661,0.6035,0.4158,0.4418,0.5472,0.3884,0.4126,0.4795,0.3709,0.594,0.5584,0.8271,0.5266,0.3701,0.5436,0.9618,0.6957,0.7246,0.4253,1.035,0.7401,0.3448,0.5656,0.7779,0.5909,1.123,0.497,0.09845,0.5835,0.2717,0.7669,1.358,1.01,0.9172,1.019,1.652,1.05,0.7099,2.911,0.7296,0.9328,2.395,0.5846,0.6376,0.2417,0.8665,0.9442,1.025,0.6324,0.9866,1.218,0.6257,0.8553,0.9649,1.214,0.9113,1.129,1.732,0.1069,0.8692,1.522,0.7845,2.561,0.4721,1.174,2.939
     K,2.67E-05,0.0003598,8.68E-05,5.49E-05,3.02E-05,4.34E-05,9.24E-05,6.33E-05,9.85E-05,8.99E-05,5.61E-05,0.000197,0.0004107,0.0002279,6.77E-05,7.35E-05,5.30E-05,0.0001143,6.77E-05,2.13E-05,3.31E-05,5.41E-05,3.68E-05,4.44E-05,5.11E-05,8.80E-05,0.0003033,7.43E-05,0.00011,6.60E-05,5.05E-05,3.23E-05,2.65E-05,2.53E-05,3.44E-05,8.70E-05,6.47E-05,0.0001452,3.04E-05,6.13E-05,9.63E-05,0.0002303,0.0001209,0.0001094,4.85E-05,0.0001167,0.0001313,4.21E-05,5.03E-05,9.23E-05,7.82E-05,0.0001119,0.0001544,2.27E-05,5.67E-05,1.92E-05,2.87E-05,2.61E-05,3.62E-05,0.0003375,0.0002407,0.0001446,0.0005555,0.0002328,0.003872,0.0001282,0.0007329,0.001347,0.0002131,0.001286,0.0002443,0.001664,0.001192,3.74E-05,5.19E-05,3.30E-05,3.48E-05,3.94E-05,7.06E-05,7.33E-05,0.0001721,2.60E-05,8.38E-05,0.0001055,3.78E-05,2.68E-05,3.15E-05,4.05E-05,6.66E-05,3.79E-05,3.56E-05,2.93E-05,3.26E-05,2.88E-05,2.75E-05,3.29E-05,2.79E-05,2.83E-05,3.50E-05,3.18E-05,3.18E-05,3.02E-05,4.64E-05,9.37E-05,3.27E-05,2.96E-05,3.07E-05,2.14E-05,3.69E-05,3.15E-05,3.48E-05,4.02E-05,4.35E-05,9.18E-05,8.66E-05,0.0001928,0.0004379,0.0003502,8.06E-05,3.51E-05,5.76E-05,3.91E-05,6.90E-05,0.0002237,0.0001209,0.002959,0.0009778,0.0002644,0.0009316,0.0001444,9.21E-05,9.44E-05,0.0001832,0.0003907,0.00127,0.0002103,0.0001786,0.0009326,9.79E-05,0.0001858,0.0001535,9.80E-05,0.0001797,0.0001755,9.28E-05,0.0001224,0.0001815,7.86E-05,0.0001976,0.000181,1.25E-05,0.0001599,0.0003022,0.0005339,0.000786,0.000427,0.0001568,0.0001678,0.0001207,0.000117,8.12E-05,0.0001057,0.0002624,7.87E-05,4.23E-05,0.0001199,0.0001165,9.20E-05,1.90E-05,2.68E-05,3.50E-05,7.04E-05,0.0001759,3.40E-05,3.34E-05,4.66E-05,2.17E-05,4.80E-05,5.33E-05,0.0001504,5.07E-05,5.20E-05,6.89E-05,7.96E-05,4.71E-05,2.30E-05,4.18E-05,1.87E-05,1.20E-05,5.34E-05,6.85E-05,2.60E-05,3.50E-05,2.54E-05,2.10E-05,7.93E-05,7.61E-05,6.56E-05,8.70E-05,0.0001119,8.17E-05,8.91E-05,0.0001284,0.0001891,7.30E-05,2.04E-05,2.74E-05,2.24E-05,2.37E-05,2.05E-05,6.03E-05,3.40E-05,6.43E-05,0.0001082,6.29E-05,4.05E-05,5.06E-05,3.46E-05,2.27E-05,3.77E-05,6.03E-05,2.32E-05,7.14E-05,6.18E-05,2.24E-05,4.87E-05,8.15E-05,0.000135,6.23E-05,7.54E-05,3.12E-05,3.58E-05,6.12E-05,3.86E-05,0.00018,0.0001028,3.82E-05,5.48E-05,0.0001441,0.0006074,0.0002524,8.40E-05,3.46E-05,3.00E-05,9.08E-05,0.0001186,0.0004982,0.0001387,0.0001976,0.0001919,0.0001437,0.0001338,0.0007985,4.06E-05,0.0004699,1.23E-05,0.001868,0.001676,0.0001166,0.0001944,0.0003422,0.0002323,0.0008124,0.0005709,9.63E-05,0.0001303,0.0005514,0.0003651,0.0001695,0.0002085,0.0006433,0.005389,0.0001091,0.003596,0.01309,0.0245,0.001904,0.000915,0.0005415,0.001904,0.0005352,0.0004297,4.55E-05,3.98E-05,6.03E-05,3.58E-05,3.05E-05,3.73E-05,5.21E-05,2.72E-05,3.37E-05,7.90E-05,1.83E-05,1.75E-05,2.25E-05,5.49E-05,7.63E-05,4.81E-05,0.0001467,4.85E-05,3.37E-05,0.001252,5.14E-05,0.0004768,5.67E-05,3.47E-05,0.0001068,0.0001388,0.0001228,8.29E-05,0.0001572,4.69E-05,9.60E-05,0.0001205,0.0001748,0.0002185,0.0006877,4.86E-05,0.0002178,0.0001846,0.0003678,5.12E-05,0.0002059,0.0001169,0.0001391,3.45E-05,4.45E-05,5.76E-05,2.95E-05,3.42E-05,5.05E-05,8.61E-05,0.001631,0.0001566,0.004037,0.0001947,0.0001277,0.0004447,0.0004352,0.001114,0.001332,0.0001239,0.0001831,0.0001115,0.0006085,0.0001856,4.08E-05,4.06E-05,6.00E-05,0.0001647,0.0003493,0.0002477,0.001773,0.0001039,0.001443,0.0002225,0.03689,0.0002496,0.001205,0.0003241,0.0005492,0.006028,3.16E-05,0.0009206,9.53E-05,0.001103,0.0001235,0.0001407,7.66E-05,8.75E-05,3.39E-05,4.86E-05,2.81E-05,6.44E-05,2.88E-05,2.48E-05,2.57E-05,3.54E-05,2.82E-05,3.41E-05,2.64E-05,5.40E-05,6.43E-05,3.07E-05,2.85E-05,5.56E-05,8.04E-05,3.64E-05,0.0002389,0.0001247,0.0001688,0.0002185,0.0003293,0.0003829,0.0001249,0.000412,0.000394,0.001005,3.73E-05,0.000108,0.0001159,5.09E-05,0.0003243,0.0001828,8.85E-05,0.0001833,8.84E-05,3.49E-05,5.63E-05,4.68E-05,0.0001012,5.30E-05,4.64E-05,2.54E-05,2.69E-05,1.62E-05,4.64E-05,4.05E-05,3.78E-05,3.40E-05,6.22E-05,2.63E-05,4.05E-05,0.0001103,3.04E-05,2.10E-05,2.40E-05,3.24E-05,4.03E-05,3.24E-05,7.72E-05,5.84E-05,3.40E-05,5.89E-05,3.20E-05,4.60E-05,3.51E-05,6.42E-05,2.23E-05,2.89E-05,8.49E-05,2.19E-05,3.90E-05,6.09E-05,4.26E-05,7.78E-05,0.0001003,2.17E-05,0.0001584,0.000228,0.0001783,0.0001459,0.0001986,0.0001353,1.98E-05,2.97E-05,2.80E-05,2.24E-05,2.19E-05,4.16E-05,1.87E-05,1.99E-05,2.97E-05,1.22E-05,6.24E-05,1.78E-05,1.78E-05,1.53E-05,3.11E-05,1.16E-05,3.22E-05,2.38E-05,2.40E-05,0.0001006,3.59E-05,1.96E-05,4.59E-05,2.10E-05,3.50E-05,1.91E-05,5.27E-05,0.0001887,0.0005035,2.44E-05,0.007145,7.08E-05,0.08302,4.99E-05,0.000112,2.35E-05,2.79E-05,3.87E-05,7.86E-05,2.20E-05,5.88E-05,0.0002463,4.18E-05,3.50E-05,8.94E-05,4.10E-05,3.92E-05,0.0001542,6.01E-05,3.94E-05,4.94E-05,2.13E-05,3.23E-05,4.48E-05,1.49E-05,2.73E-05,1.77E-05,2.69E-05,3.90E-05,3.32E-05,2.01E-05,0.0002036,0.0001108,5.16E-05,0.0003341,5.11E-05,3.42E-05,8.39E-05,4.51E-05
95% CI (profile likelihood),,,,,,,,,,,,,,,,,,,,,,,,,,,,,,,,,,,,,,,,,,,,,,,,,,,,,,,,,,,,,,,,,,,,,,,,,,,,,,,,,,,,,,,,,,,,,,,,,,,,,,,,,,,,,,,,,,,,,,,,,,,,,,,,,,,,,,,,,,,,,,,,,,,,,,,,,,,,,,,,,,,,,,,,,,,,,,,,,,,,,,,,,,,,,,,,,,,,,,,,,,,,,,,,,,,,,,,,,,,,,,,,,,,,,,,,,,,,,,,,,,,,,,,,,,,,,,,,,,,,,,,,,,,,,,,,,,,,,,,,,,,,,,,,,,,,,,,,,,,,,,,,,,,,,,,,,,,,,,,,,,,,,,,,,,,,,,,,,,,,,,,,,,,,,,,,,,,,,,,,,,,,,,,,,,,,,,,,,,,,,,,,,,,,,,,,,,,,,,,,,,,,,,,,,,,,,,,,,,,,,,,,,,,,,,,,,,,,,,,,,,,,,,,,,,,,,,,,,,,,,,,,,,,,,,,,,,,,,,,,,,,,,,,,,,,,,,,,,,,,,,,,,,,,,,,,,,,,,,,,,,,
     Ymax,63.67 to 66.57,66.41 to 72.23,56.29 to 62.39,66.82 to 70.67,69.93 to 73.78,69.02 to 73.08,63.49 to 69.93,53.89 to 56.99,48.08 to 52.46,54.66 to 59.45,42.54 to 44.51,26.82 to 30.17,29.18 to 36.84,33.43 to 38.33,48.07 to 51.03,43.47 to 46.3,55.88 to 58.77,30.68 to 33.51,51.46 to 54.8,65.71 to 68.04,55.18 to 57.28,64.09 to 69.85,61.89 to 65,57.5 to 60.62,61.11 to 65.54,45.26 to 48.32,24.47 to 29.34,41.79 to 44.36,27.88 to 30.82,35.78 to 37.37,37.19 to 38.46,66.21 to 70.05,64.06 to 67.05,65.72 to 68.7,61.55 to 64.89,53.29 to 58.17,53.09 to 56.52,50.21 to 55.88,63 to 66.47,48.93 to 51.27,43.61 to 46.28,37.05 to 41.4,38.7 to 42.29,51.78 to 56.15,59.61 to 62.6,53.25 to 63.01,36.67 to 42.17,60.07 to 64.17,58.18 to 61.63,51.34 to 55.39,56.26 to 60.84,55.32 to 62.86,44.62 to 50.17,61.05 to 63.33,59.3 to 63.5,64.03 to 66.52,64.56 to 67.19,63.82 to 66.53,62.7 to 65.38,47.17 to 56.69,56.26 to 62.91,48.78 to 52.55,45.91 to 56.35,56.95 to 62.68,35.21 to 62.41,17.31 to 22.16,24.62 to 35.02,45.3 to 58.37,56.01 to 62.1,19.8 to 34.52,58.83 to 64.23,37.68 to 55.9,36.38 to 52.5,68.99 to 73.46,62.77 to 67.39,68.17 to 72.32,65.51 to 68.91,66.76 to 70.35,57.21 to 64.2,60.78 to 65.09,53.56 to 61.44,62.88 to 65.73,22.05 to 24.96,27.99 to 33.43,59.57 to 62.93,66.72 to 69.97,69.09 to 72.77,67.42 to 72.24,70.31 to 77.52,66.97 to 71.24,69.26 to 73.56,69.05 to 72.48,67.61 to 71.57,66.99 to 70.14,68.98 to 72.27,66.61 to 70.2,68.8 to 71.96,67.27 to 70.34,67.32 to 71.16,65.28 to 68.91,66.38 to 70.19,60.7 to 63.83,64.02 to 68.5,23.92 to 26.92,61.82 to 65.39,52.37 to 55.05,56.4 to 59.26,62.35 to 64.64,66.59 to 70.88,62.2 to 65.57,63.07 to 66.54,42.3 to 45.22,58.39 to 62.31,54.67 to 60.95,49.45 to 53.86,48.3 to 55.15,33.11 to 40.61,37.22 to 45.84,52.35 to 57.95,58.88 to 62.42,59.33 to 63.2,56.68 to 59.83,54.74 to 60.21,34.22 to 38.73,37.31 to 40.87,37.17 to 55.8,41.7 to 53.62,25.86 to 31.41,23.01 to 39.98,39.76 to 44.32,20.43 to 22.57,31.51 to 36.96,24.06 to 28.03,53.43 to 59.86,45.38 to 58.92,15.41 to 19.44,56.5 to 61.99,44.26 to 55.83,50.57 to 54.42,56.71 to 62.26,18.02 to 21.24,54.28 to 58.1,13.59 to 16.03,14.01 to 17,17.88 to 20.57,15.16 to 17.11,18 to 21.07,15.93 to 17.76,18.9 to 21.85,15.49 to 18.76,52.52 to 55.65,29.52 to 32.43,27.53 to 31.74,16.69 to 22.01,38.72 to 49.88,21.05 to 27.21,17.82 to 21.03,14.54 to 17.53,15.98 to 18.51,13.96 to 15.88,14.53 to 16.9,16.82 to 18.77,21.04 to 24.81,38.13 to 41.15,59.34 to 62.49,55.36 to 63.58,39 to 42,51.06 to 56.28,61.11 to 63.07,58.46 to 60.68,64.23 to 67.37,57.98 to 63.51,58.78 to 64.95,63.14 to 66.94,59.24 to 62.71,32.63 to 34.64,56.77 to 58.87,37.42 to 39.89,25 to 26.68,19.91 to 23.5,48.05 to 51.07,38.54 to 41.18,23.91 to 26.13,24.76 to 27.18,31.47 to 33.93,56.35 to 58.96,34.04 to 37.16,65.49 to 68.24,66.6 to 68.27,69.91 to 76.61,64.01 to 71.67,51.62 to 54.45,61.52 to 64.61,64.33 to 67.36,70.35 to 73.48,64.02 to 73.55,44.74 to 47.69,48.65 to 52.69,43.18 to 46.49,39.42 to 42.61,43.91 to 50.25,41.56 to 44.88,41.08 to 45.22,38.32 to 43.27,46.47 to 49.86,72.3 to 75.9,64.37 to 67.25,64.74 to 67.74,70.89 to 73.7,62.81 to 65.45,27.6 to 30.77,53.96 to 56.73,39.41 to 43.93,57.58 to 69.67,45.73 to 51.57,62.48 to 67.11,59.29 to 63.88,49.68 to 52.73,62.57 to 65.26,57.28 to 60.77,56.52 to 61.12,59.65 to 62.32,26.84 to 29.04,56.53 to 60.57,58.3 to 60.63,49.61 to 52.3,30.18 to 32.85,33.65 to 40.88,33.3 to 36.63,31.77 to 34.42,53.46 to 56.36,42.25 to 44.52,29.97 to 32.17,30.02 to 31.78,30.98 to 36.54,25.32 to 29.13,48.26 to 51.54,35.07 to 37.56,30.2 to 33.82,22.67 to 28.54,31.61 to 36.01,44.51 to 49.77,49.56 to 51.73,61.95 to 64.13,48.61 to 52.24,50.76 to 56.19,21.63 to 26.81,16.63 to 20.38,14.36 to 17.24,14.37 to 17.04,15.05 to 18.38,14.72 to 16.59,18.58 to 25.62,57.8 to 61.39,18.68 to 23.67,61.23 to 63.75,20.22 to 32.24,33.01 to 43.77,12.81 to 15.14,14.37 to 16.85,14.76 to 19.21,14.35 to 17.85,33.51 to 40.7,14.02 to 18.04,54.52 to 58.85,13.94 to 15.64,12.7 to 19.06,13.79 to 16.98,12.78 to 15.05,12.61 to 15.48,13.1 to 22.78,12.04 to 21.5,13.71 to 15.47,13.33 to 23.33,13.43 to 23.24,11.32 to ???,18.44 to 23.47,30.77 to 35.33,10.48 to 14.19,12.66 to ???,48.31 to 58.16,41.65 to 49.69,60.03 to 63.19,61.03 to 64.84,63.01 to 67.67,62.81 to 65.96,64.73 to 68.95,63.23 to 66.91,61.51 to 65.46,60.53 to 63.58,53.71 to 56.53,39.96 to 43.03,63.89 to 66.99,58.4 to 60.55,62.99 to 66.57,62.37 to 67.1,59.43 to 64.9,60.63 to 63.91,33.14 to 38.13,38.06 to 40.78,52.23 to 55.01,34.07 to 39.33,56.27 to 60.57,46.47 to 51.01,58.44 to 61.67,49.55 to 52.71,51.16 to 56.84,49.61 to 54.21,48.99 to 53.73,55.76 to 62.12,57.18 to 65.88,53.42 to 57.53,49.82 to 54.12,51.58 to 54.89,48.05 to 52.88,49.68 to 61.1,30.53 to 43.13,56.54 to 60.49,49.58 to 54.64,48.54 to 52.8,41.74 to 50.19,58.82 to 62.73,38.65 to 42.53,41.87 to 44.88,47.16 to 51.11,51.33 to 53.84,59.81 to 63.86,55.57 to 60.36,57.76 to 60.8,61.84 to 65.32,58.98 to 64.81,48.22 to 51.58,14.74 to 19.88,32.53 to 37.32,11.38 to 18.75,29.23 to 31.83,34.88 to 37.17,21.55 to 24.13,17.82 to 20.31,18.84 to 25.86,19.06 to 27.59,55.82 to 61.34,37.25 to 41.31,43.11 to 46.36,21.75 to 29.18,29.28 to 32.54,67.51 to 71.94,60.23 to 63.25,59.92 to 62.81,27.74 to 30.32,26.21 to 31.3,27.77 to 31.04,6.29 to 8.058,55.22 to 59.5,7.737 to 11.44,6.395 to 6.859,6.829 to ???,22.97 to 24.67,5.889 to 8.722,22.63 to 24.53,6.051 to 7.607,6.061 to 44.86,70.54 to 74.26,10.55 to 13.22,46.47 to 51.09,14.05 to 20.53,33.11 to 38.79,38.68 to 43.35,40.93 to 44.21,44.14 to 47.63,57.47 to 59.91,57.82 to 62.09,64.2 to 67.12,61.93 to 67.97,62.46 to 65.3,65.31 to 68.5,66.2 to 69.22,63.37 to 67.44,65.8 to 69.33,61.04 to 64.76,60.57 to 63.26,59.35 to 64.06,59.77 to 64.82,59.77 to 62.58,60.8 to 63.31,46.17 to 48.66,48.84 to 52.91,50.87 to 52.77,53.97 to 59.49,32.31 to 34.75,29.21 to 32.08,7.71 to 9.201,10.45 to 12.84,5.365 to 7.252,8.806 to 10.14,8.195 to 9.635,33.62 to 36.99,5.483 to 7.776,63.57 to 67.13,11.1 to 12.81,30.59 to 33.71,59.58 to 63.36,26.58 to 29.49,70.27 to 72.87,84.97 to 88.99,70.43 to 74.28,85.59 to 88.41,68.39 to 72.37,88.34 to 89.47,89.7 to 90.8,79.91 to 86.16,88.29 to 89.95,77.14 to 80.24,62.23 to 65.18,84.62 to 86.41,88.09 to 89.1,83.16 to 85.91,84.84 to 86.91,71.04 to 74.79,64.41 to 67.89,76.53 to 79.81,53.45 to 56.04,74.37 to 77.96,79.33 to 81.74,67.43 to 70.59,63.57 to 66.23,75.52 to 78.17,48.55 to 51.1,72.83 to 76.91,73.58 to 76.32,74.73 to 82.21,67.82 to 72.46,77.98 to 80.64,60.18 to 66.29,66.68 to 70.18,74.87 to 77.96,73.02 to 76.61,60.66 to 66.11,68.34 to 70.8,62.98 to 65.82,47.63 to 54,69.73 to 73.18,53.65 to 56.89,57.41 to 62.82,48.6 to 52.16,41.67 to 45.54,57.85 to 63.62,65.46 to 68.76,29.2 to 32.5,46.82 to 51.26,37.34 to 42.4,30.4 to 32.9,35.49 to 39.26,39.73 to 43.01,70.88 to 73.12,72.68 to 73.89,66.94 to 69.81,56.65 to 58.37,67.16 to 69.18,35.43 to 37.35,56.21 to 57.7,61.9 to 63.73,42.45 to 44.03,60.06 to 61.55,25.21 to 28.21,42.91 to 44.58,80.17 to 81.39,73.81 to 75.22,79 to 80.92,63.35 to 64.94,24.99 to 27.18,42.99 to 45.31,66.29 to 68.51,42.17 to 48.48,44 to 46.83,76.47 to 77.37,55.73 to 58.18,78.51 to 80.18,78.87 to 79.68,73.76 to 75.02,44.03 to 46.91,86.34 to +infinity,74.83 to 77.5,87.76 to 88.67,88.11 to 89.32,82.54 to 83.75,??? to 81.95,90.66 to 92.01,85.07 to 88.12,80.86 to 82.98,88.55 to 90.1,86.7 to 88.59,65.56 to 70.68,85.21 to 87.2,52.93 to 56.83,52.23 to 63.87,70.51 to 73.76,79.33 to 82.11,76.59 to 82.53,47.2 to 50.79,58.71 to 63.06,15.69 to 19.31,63.75 to 68.66,71.81 to 75.26,69.18 to 73.72,77.48 to 79.64,76.36 to 79.63,69.78 to 74.88,75.77 to 77.91,78.15 to 80.8,78.64 to 81.4,75.56 to 79.18,75.58 to 79.08,77.23 to 81.12,88.65 to 90.86,26.28 to 29.92,72.38 to 76.9,93.05 to 94.79,46.9 to 54.66,83.14 to 87.49,98.94 to 99.26,69.64 to 72.84,91.22 to 93.99
     Ymin,6.286 to 8.525,35.45 to 40.81,4.605 to 8.318,8.181 to 10.79,6.316 to 9.49,4.918 to 7.546,5.126 to 9.076,6.877 to 8.708,5.049 to 7.326,6.687 to 9.714,8.934 to 10.22,5.785 to 7.592,3.994 to 7.447,11.42 to 15.37,6.656 to 8.411,8.703 to 10.62,8.951 to 10.91,9.238 to 11.33,6.446 to 8.302,6.131 to 7.754,7.487 to 8.875,5.605 to 9.91,6.377 to 8.473,5.874 to 7.754,5.132 to 8.019,6.549 to 8.141,6.399 to 9.424,6.462 to 7.88,6.345 to 8.32,7.129 to 8.021,6.708 to 7.378,7.227 to 10.47,6.534 to 8.806,7.294 to 9.668,5.986 to 8.206,6.047 to 8.89,6.751 to 8.755,6.025 to 9.138,5.928 to 8.614,6.556 to 7.772,7.103 to 8.502,8.101 to 10.45,6.153 to 8.019,7.613 to 10.2,7.023 to 8.976,3.122 to 8.592,3.998 to 7.116,6.285 to 9.355,7.761 to 10.21,7.514 to 9.991,6.775 to 9.804,5.123 to 10.17,7.452 to 10.85,6.58 to 8.189,6.224 to 8.948,6.814 to 8.82,6.957 to 8.823,6.453 to 8.36,6.243 to 7.825,6.456 to 11.51,5.835 to 8.42,7.806 to 9.617,6.073 to 9.914,6.338 to 8.57,6.001 to 10.26,4.901 to 10.51,5.967 to 10.71,6.495 to 9.623,6.279 to 8.851,4.766 to 9.451,6.082 to 7.911,4.711 to 8.906,5.535 to 10.19,5.607 to 8.757,5.257 to 8.064,5.019 to 7.788,6.041 to 8.237,6.578 to 9,4.228 to 8.563,6.067 to 8.451,7.296 to 11.89,6.278 to 8.261,6.573 to 9.354,5.717 to 10.15,6.443 to 8.681,5.963 to 8.257,6.053 to 8.818,4.88 to 8.174,3.473 to 8.048,5.394 to 8.375,4.908 to 7.691,5.597 to 7.935,5.483 to 8.3,6.093 to 8.218,5.445 to 7.697,5.995 to 8.486,5.898 to 8.025,5.939 to 8.042,5.65 to 8.331,5.617 to 8.135,5.609 to 8.27,6.166 to 8.354,6.386 to 9.475,6.961 to 9.689,5.429 to 7.829,6.585 to 8.411,6.449 to 8.333,6.138 to 7.693,5.259 to 8.101,6.014 to 8.288,6.809 to 9.267,7.046 to 9.179,6.581 to 9.207,5.758 to 9.639,6.96 to 9.477,7.086 to 10.71,7.494 to 11.46,6.978 to 11.41,6.398 to 9.805,6.122 to 8.57,5.732 to 7.9,6.427 to 8.409,5.215 to 8.38,7.286 to 9.531,7.441 to 9.422,8.316 to 12.22,5.98 to 9.361,7.113 to 10.6,4.9 to 12.11,7.888 to 10.53,7.906 to 9.861,7.023 to 12.28,7.435 to 10.24,6.371 to 8.449,7.255 to 11.21,5.209 to 8.792,5.733 to 7.959,6.782 to 10.46,6.955 to 8.882,7.177 to 9.624,6.082 to 8.905,6.714 to 8.508,5.556 to 7.672,5.246 to 7.97,6.034 to 8.674,6.13 to 7.915,5.858 to 8.082,5.436 to 7.148,5.343 to 7.284,5.284 to 8.043,6.607 to 9.287,6.457 to 7.961,7.887 to 10.21,5.974 to 9.051,6.408 to 10.17,7.307 to 11.41,6.006 to 8.688,5.644 to 8.704,5.983 to 8.419,5.995 to 7.877,5.734 to 8.538,7.306 to 9.232,7.727 to 10.3,7.944 to 9.862,6.96 to 8.917,8.062 to 14.78,9.148 to 10.85,7.193 to 10.23,6.696 to 7.98,7.768 to 9.252,6.554 to 8.59,5.332 to 8.736,7.533 to 10.8,6.024 to 8.64,6.582 to 8.959,7.926 to 9.413,7.368 to 8.814,8 to 9.797,6.967 to 8.24,5.963 to 8.913,6.258 to 7.994,7.185 to 8.956,6.981 to 8.755,6.818 to 8.688,7.527 to 9.472,7.647 to 9.656,6.276 to 8.715,6.468 to 8.524,7.529 to 8.81,9.857 to 16.61,4.834 to 9.939,5.693 to 7.679,5.51 to 7.267,5.558 to 7.538,8.292 to 11.04,3.597 to 10.4,5.985 to 7.433,5.616 to 7.955,5.268 to 6.808,6.081 to 7.558,4.58 to 8.267,5.523 to 7.101,6.109 to 8.101,5.943 to 8.269,5.556 to 7.228,15.75 to 20.41,6.142 to 8.08,6.48 to 8.656,19.6 to 23.03,6.773 to 8.747,6.558 to 9.218,6.13 to 7.83,8.898 to 12.71,3.924 to 12.83,4.811 to 8.993,5.081 to 8.271,4.528 to 7.051,6.821 to 8.911,6.082 to 7.962,6.885 to 9.252,5.223 to 7.963,6.426 to 8.33,7.04 to 8.648,6.078 to 8.321,6.381 to 7.961,6.847 to 8.395,8.211 to 10.25,6.33 to 11.6,6.805 to 9.261,11.09 to 13.44,6.743 to 8.807,8.437 to 10.11,10.62 to 12.64,7.39 to 8.794,11.31 to 16.22,6.725 to 9.787,7.133 to 9.501,11.44 to 13.67,7.906 to 10.25,7.301 to 10.42,8.001 to 10.32,6.582 to 10,7.373 to 8.793,7.432 to 8.771,6.727 to 8.557,5.442 to 8.115,7.265 to 10.07,6.863 to 11.12,5.793 to 8.449,6.559 to 9.07,5.337 to 8.495,6.129 to 7.868,7.078 to 10.79,5.738 to 7.974,5.648 to 8.414,6.431 to 8.442,6.272 to 10.02,7.298 to 10.33,4.714 to 7.166,7.391 to 9.962,4.749 to 7.901,6.255 to 9.686,7.96 to 10.57,6.473 to 9.638,6.656 to 8.892,7.207 to 8.968,4.167 to 9.647,6.295 to 8.884,5.837 to 8.052,5.39 to 8.135,2.4 to 10.22,5.735 to 8.194,6.297 to 8.232,6.495 to 9.236,8.434 to 9.602,7.647 to 11.84,7.97 to 10.03,8.066 to 9.507,6.634 to 9.712,1.965 to 15.66,6.501 to 10.09,5.224 to 8.203,6.184 to 8.035,5.06 to 7.554,5.002 to 7.955,5.729 to 7.752,4.674 to 7.883,6.027 to 8.773,5.35 to 7.862,5.282 to 7.468,5.752 to 7.693,7.372 to 9.42,5.231 to 7.81,6.569 to 8.284,5.403 to 8.494,5.496 to 8.834,3.971 to 7.127,5.036 to 6.922,6.587 to 10.3,6.314 to 8.345,7.309 to 9.435,6.308 to 7.506,3.784 to 6.213,5.681 to 6.933,6.421 to 8.412,6.092 to 8.54,5.395 to 8.827,7.772 to 10.54,6.962 to 9.819,6.155 to 11.04,8.006 to 14.47,7.282 to 10.67,7.852 to 10.77,9.713 to 11.77,8.705 to 11.57,4.786 to 13.56,5.022 to 11.28,6.888 to 9.893,6.048 to 8.23,9.794 to 12.34,10.45 to 16.72,7.358 to 10.4,8.266 to 10.46,7.267 to 8.928,8.523 to 10.94,8.178 to 10.16,7.887 to 11.2,6.501 to 10.16,6.957 to 9.404,7.059 to 9.797,6.322 to 11.37,5.482 to 7.211,5.494 to 7.732,5.361 to 8.3,5.69 to 8.151,6.342 to 7.75,5.847 to 6.95,6.766 to 8.048,6.084 to 7.475,5.354 to 9.141,6.019 to 9.987,8.033 to 12.01,6.043 to 8.112,6.396 to 8.129,6.88 to 11.95,6.197 to 7.996,10.01 to 14.97,9.274 to 11.7,12.92 to 15.32,4.853 to 6.093,4.2 to 6.777,4.189 to 5.569,4.304 to 5.477,6.919 to 9.272,4.227 to 6.404,4.244 to 4.706,??? to 7.117,4.449 to 5.104,4.284 to 5.47,5.536 to 6.316,3.513 to 5.212,4.518 to 5.72,17.45 to 22.57,5.745 to 7.716,4.5 to 7.078,5.13 to 8.584,8.11 to 13.87,4.837 to 7.288,5.699 to 7.697,7.028 to 9.209,5.431 to 6.811,4.876 to 7.825,6.536 to 8.694,6.024 to 10.69,6.666 to 8.811,6.968 to 9.696,8.126 to 10.96,7.288 to 10.78,7.07 to 10.04,6.629 to 9.593,5.998 to 7.891,5.842 to 9.07,5.724 to 9.188,5.764 to 7.704,5.876 to 7.599,5.515 to 6.984,6.001 to 8.532,6.275 to 7.429,31.82 to 38.81,6.543 to 7.907,6.496 to 8.161,3.575 to 5.186,4.221 to 6.4,2.149 to 4.068,3.821 to 5.363,4.264 to 5.502,5.853 to 7.045,3.28 to 4.641,6.429 to 9.383,5.028 to 7.293,11.26 to 14.58,5.558 to 7.958,8.861 to 10.67,43.73 to 46.55,58.04 to 66.92,41.99 to 46.59,63.51 to 69.59,11.2 to 15.68,72.87 to 75.15,75.05 to 77.54,40.67 to 51.51,67.81 to 71.4,31.96 to 36.64,7.977 to 10.58,44.95 to 48.89,58.06 to 60.74,47.86 to 53.7,52.06 to 56.38,13.61 to 17.66,10.18 to 13.54,37.77 to 42.95,4.31 to 5.926,18.59 to 23.11,48.77 to 52.02,17.74 to 22.22,21.71 to 26.41,18.55 to 22.36,5.278 to 6.917,14.81 to 19.8,20.11 to 23.69,18.95 to 30.87,16.04 to 21.59,33.94 to 38.57,4.054 to 8.826,10.16 to 13.79,24.38 to 28.58,19.47 to 24.53,11.72 to 16.94,10.52 to 12.94,8.142 to 10.52,3.888 to 8.274,8.051 to 11.56,5.104 to 7.284,4.524 to 8.343,6.064 to 9.017,4.056 to 6.245,6.867 to 10.95,6.871 to 9.888,3.988 to 5.666,16.38 to 19.55,4.519 to 7.08,5.004 to 6.227,6.415 to 8.353,7.162 to 8.985,11.37 to 13.68,33.19 to 34.72,8.141 to 10.58,17.88 to 19.97,20.87 to 23.58,10.37 to 12.26,20.44 to 22.45,19.99 to 22.46,14.71 to 16.48,15.3 to 17.17,3.926 to 6.105,9.396 to 11.08,49.28 to 51.96,32.98 to 35.5,46.23 to 49.99,18.18 to 20.57,3.588 to 5.273,10.23 to 12.72,35.08 to 39.49,3.495 to 6.665,13.58 to 16.91,57.58 to 59.52,37.34 to 42.08,39.61 to 42.94,66.72 to 68.31,47.23 to 49.82,18.54 to 22.1,84.95 to 87.03,70.64 to 75.17,69.93 to 72.17,90.24 to 90.67,75.93 to 78.59,83.58 to 84.79,77.09 to 80.54,68.09 to 73.98,40.19 to 44.75,56.86 to 60.98,60.84 to 65.45,31.04 to 38.53,38.27 to 42.95,10.89 to 14.11,16.19 to 29.31,13.93 to 17.2,23.6 to 27.77,33.62 to 44.2,5.255 to 7.88,5.52 to 8.378,1.1 to 2.195,8.667 to 12.53,14.74 to 18.96,11.38 to 15.95,17.63 to 20.48,16.76 to 21.18,10.25 to 15.72,13.17 to 15.99,19.68 to 23.51,12.12 to 16.45,15.09 to 20.51,18.56 to 22.64,10.6 to 15.69,35 to 42.79,2.133 to 2.618,38.4 to 42.38,69.37 to 76.08,21.38 to 25.11,34.19 to 45.59,93.72 to 95.76,41.18 to 46.72,60.06 to 73.41
     K,0.000393 to 0.0005109,0.0009922 to 0.002817,0.0005446 to 0.0009311,0.0006514 to 0.0008928,0.0003343 to 0.0004667,0.0005255 to 0.0007162,0.0006157 to 0.001036,0.0008303 to 0.00111,0.0008336 to 0.001283,0.0007007 to 0.001093,0.0008511 to 0.001105,0.001041 to 0.001997,0.001006 to 0.003173,0.0005597 to 0.001696,0.0008304 to 0.001128,0.0007399 to 0.001071,0.0007137 to 0.0009492,0.0006192 to 0.001172,0.0008233 to 0.00112,0.000428 to 0.0005234,0.0006462 to 0.0007932,0.0003586 to 0.0005963,0.0005202 to 0.0006828,0.0006211 to 0.0008189,0.0004887 to 0.0007153,0.001045 to 0.001442,0.0007135 to 0.002213,0.0009473 to 0.001284,0.0006093 to 0.001109,0.001151 to 0.001453,0.001232 to 0.001459,0.0003297 to 0.0004744,0.0003767 to 0.0004929,0.0003561 to 0.0004668,0.0004464 to 0.0005989,0.0006764 to 0.001069,0.0007606 to 0.001055,0.0009201 to 0.001564,0.0003533 to 0.0004869,0.001074 to 0.001353,0.001245 to 0.001696,0.00128 to 0.002428,0.0009909 to 0.001572,0.0009096 to 0.001415,0.0006922 to 0.0009124,0.0003778 to 0.0009664,0.0005785 to 0.0012,0.000393 to 0.0005839,0.0005629 to 0.0007948,0.0008215 to 0.001251,0.0006429 to 0.001007,0.0004862 to 0.0009848,0.0007516 to 0.001467,0.000432 to 0.0005338,0.0005563 to 0.0008193,0.0003135 to 0.0003998,0.0004928 to 0.0006224,0.0004279 to 0.0005435,0.0006563 to 0.0008189,0.0009793 to 0.002721,0.001775 to 0.002925,0.001491 to 0.002168,0.00181 to 0.004879,0.002037 to 0.003151,0.003782 to 0.03648,7.222e-005 to 0.0006877,0.0006729 to 0.006657,0.003929 to 0.01151,0.001636 to 0.002664,0.0006977 to 0.01997,0.002508 to 0.003674,0.00249 to 0.01381,0.001711 to 0.01013,0.0003771 to 0.0005417,0.000502 to 0.0007313,0.0003671 to 0.0005115,0.0004768 to 0.0006315,0.0005078 to 0.0006824,0.0003749 to 0.0006827,0.0007803 to 0.001115,0.0007223 to 0.001558,0.0003951 to 0.0005112,0.0002165 to 0.0005919,0.0002092 to 0.0007373,0.0004631 to 0.0006358,0.0003687 to 0.0004878,0.000381 to 0.000519,0.0003702 to 0.0005464,0.0004165 to 0.000711,0.0003939 to 0.0005594,0.0003916 to 0.0005467,0.0004038 to 0.0005327,0.0003653 to 0.0005068,0.0004271 to 0.0005542,0.0003996 to 0.0005208,0.0004131 to 0.0005584,0.0004213 to 0.0005464,0.0004282 to 0.0005536,0.00041 to 0.0005629,0.000389 to 0.0005284,0.0003701 to 0.0005096,0.0003952 to 0.0005287,0.0004365 to 0.0006382,0.0002783 to 0.0007015,0.0003931 to 0.0005381,0.0003937 to 0.0005281,0.0004304 to 0.0005712,0.0004192 to 0.0005142,0.0003871 to 0.0005485,0.0003967 to 0.0005365,0.0004221 to 0.0005749,0.000354 to 0.0005392,0.0004269 to 0.0006266,0.0005061 to 0.0009352,0.0006885 to 0.0011,0.0009144 to 0.001874,0.0009666 to 0.003163,0.0008496 to 0.002785,0.0005008 to 0.0008583,0.0003907 to 0.000545,0.0006665 to 0.000922,0.0005045 to 0.0006773,0.0004737 to 0.0007974,0.001147 to 0.002264,0.0008643 to 0.001443,0.003924 to 0.02451,0.002697 to 0.00836,0.0005087 to 0.001988,0.0003052 to 0.01407,0.000798 to 0.001512,0.0002894 to 0.0007376,0.0001808 to 0.0006456,0.0004426 to 0.001423,0.002989 to 0.0049,0.003111 to 0.01029,0.0001595 to 0.001363,0.001607 to 0.002426,0.002584 to 0.007746,0.001026 to 0.001484,0.00157 to 0.002454,0.0002468 to 0.001058,0.001176 to 0.001636,0.0002319 to 0.001222,0.0001703 to 0.001091,0.0001704 to 0.0006058,0.0002681 to 0.0008547,0.0003859 to 0.001375,0.0002287 to 0.0005855,0.0005794 to 0.00155,0.0002208 to 0.001206,0.0001107 to 0.0001706,0.001128 to 0.001894,0.001058 to 0.002653,0.0004694 to 0.004853,0.001875 to 0.0065,0.0003665 to 0.0032,0.0002583 to 0.001092,0.0001534 to 0.0009756,0.0001932 to 0.000829,0.0001972 to 0.0008133,8.936e-005 to 0.0005151,0.0002376 to 0.0007563,0.0005103 to 0.00203,0.0006332 to 0.001006,0.0005848 to 0.0007779,0.000383 to 0.000979,0.001032 to 0.001579,0.0006162 to 0.001055,0.0004292 to 0.0005141,0.0004996 to 0.0006203,0.0005104 to 0.0006655,0.0004989 to 0.00081,0.001228 to 0.002027,0.000381 to 0.0005324,0.0003779 to 0.0005257,0.0004334 to 0.0006545,0.0004059 to 0.0005045,0.0004286 to 0.0006538,0.0004232 to 0.0006784,0.0002759 to 0.001009,0.0006129 to 0.0008475,0.0004836 to 0.0007226,0.0003415 to 0.0006761,0.0003867 to 0.0007533,0.0003117 to 0.0005417,0.0003138 to 0.0004184,0.0002414 to 0.0004419,0.0002858 to 0.000369,0.000318 to 0.0003721,0.0002445 to 0.0004942,0.0003435 to 0.0006426,0.0003168 to 0.0004337,0.000533 to 0.0006903,0.0003756 to 0.0004882,0.0002721 to 0.0003658,0.0002823 to 0.0006312,0.0009526 to 0.001304,0.0005792 to 0.0008897,0.0009622 to 0.001362,0.001139 to 0.001663,0.0003494 to 0.0007548,0.0009202 to 0.001341,0.0009871 to 0.001587,0.00108 to 0.001919,0.0008162 to 0.001146,0.0001627 to 0.0002584,0.000434 to 0.0005559,0.0003166 to 0.0004155,0.0002452 to 0.0003533,0.0003214 to 0.0004141,0.0002284 to 0.0005335,0.0004817 to 0.0006356,0.0002487 to 0.000574,0.0002366 to 0.0007397,0.0002878 to 0.0005734,0.0003609 to 0.0005365,0.000491 to 0.000717,0.0003696 to 0.000528,0.0003641 to 0.0004649,0.0004139 to 0.0005832,0.0005305 to 0.0007958,0.000354 to 0.0004573,0.0004644 to 0.0007987,0.0006528 to 0.0009289,0.0003952 to 0.0004953,0.0006865 to 0.0009104,0.0004638 to 0.000817,0.00025 to 0.001006,0.0003345 to 0.0006295,0.0003586 to 0.0007111,0.0003807 to 0.0005214,0.0004078 to 0.0005762,0.0003319 to 0.0006254,0.000361 to 0.0005394,0.0002599 to 0.001265,0.0002704 to 0.0008282,0.0003529 to 0.0005286,0.0003303 to 0.0005945,0.0006476 to 0.001367,0.0009391 to 0.004537,0.001098 to 0.002394,0.0004238 to 0.0008278,0.0005715 to 0.0007281,0.0006476 to 0.0007835,0.0009685 to 0.001388,0.0008289 to 0.001384,0.0008269 to 0.003945,7.807e-005 to 0.001164,0.0001999 to 0.001388,0.000177 to 0.001408,0.0001285 to 0.001113,0.0002931 to 0.0009459,0.0005194 to 0.008304,0.0004633 to 0.0006398,0.0006788 to 0.003818,0.0001813 to 0.0002375,0.00111 to 0.02031,0.003358 to 0.01297,0.0001328 to 0.00071,0.0001489 to 0.001336,0.0002637 to 0.00265,0.0001233 to 0.001719,0.002503 to 0.006911,0.0002944 to 0.004345,0.0009376 to 0.001391,0.0001941 to 0.0009267,7.265e-005 to 0.005334,0.0002849 to 0.00271,0.0001601 to 0.001225,0.0001353 to 0.00149,5.293e-005 to 0.008223,0.001014 to 0.05493,0.0001701 to 0.0007567,0.0007093 to 0.0513,0.005587 to 0.1243,??? to +infinity,0.002423 to 0.01217,0.004573 to 0.008999,4.464e-005 to 0.02402,??? to +infinity,0.001975 to 0.004739,0.001785 to 0.003906,0.0006562 to 0.0008624,0.0004557 to 0.0006327,0.0005863 to 0.000851,0.0005259 to 0.000685,0.0003006 to 0.0004381,0.00043 to 0.0005952,0.0005971 to 0.0008291,0.0003754 to 0.0004967,0.0004583 to 0.0006112,0.0006824 to 0.001058,0.0002357 to 0.0003174,0.0003168 to 0.0003955,0.0002373 to 0.0003367,0.0004835 to 0.0007302,0.0006361 to 0.0009778,0.0007178 to 0.0009344,0.0004848 to 0.001212,0.0004259 to 0.0006482,0.0004169 to 0.0005676,0.007337 to 0.0131,0.0005204 to 0.0007509,0.004808 to 0.006998,0.0007832 to 0.001045,0.000348 to 0.0005086,0.0006748 to 0.00116,0.001031 to 0.00169,0.0008812 to 0.001471,0.0004039 to 0.0007992,0.0005426 to 0.001314,0.0003596 to 0.0005693,0.0007321 to 0.001194,0.001305 to 0.001872,0.001155 to 0.002015,0.0004255 to 0.001451,0.0007503 to 0.00574,0.0004451 to 0.0006615,0.00178 to 0.002788,0.001374 to 0.002253,0.0007274 to 0.0028,0.0004874 to 0.0007187,0.001354 to 0.002364,0.001237 to 0.001776,0.001134 to 0.001797,0.0004551 to 0.0006107,0.0003989 to 0.0005964,0.0004074 to 0.0006702,0.0003594 to 0.0004894,0.0003898 to 0.0005403,0.0002761 to 0.000496,0.001028 to 0.00141,0.001457 to 0.01148,0.0006722 to 0.001395,0.001192 to 0.04386,0.00152 to 0.002425,0.00161 to 0.002191,0.002106 to 0.004227,0.001525 to 0.003605,0.001021 to 0.006519,0.0008362 to 0.01145,0.0007691 to 0.001352,0.001246 to 0.002099,0.001167 to 0.001665,0.0004504 to 0.005085,0.001139 to 0.002033,0.0003035 to 0.0004828,0.000516 to 0.0007011,0.0007381 to 0.001006,0.001399 to 0.002154,0.001172 to 0.002708,0.001726 to 0.002847,0.000353 to 0.02173,0.001035 to 0.001512,0.0001988 to 0.02775,0.0005063 to 0.001578,1.877e-009 to ???,0.002861 to 0.003978,0.0001096 to 0.09874,0.002917 to 0.004426,0.0001276 to 0.004529,0.0002239 to 2.108,0.0002276 to 0.0003692,0.0005278 to 0.006435,0.000726 to 0.001149,0.000528 to 0.01294,0.0002458 to 0.0008037,0.0008661 to 0.001517,0.0006885 to 0.001038,0.0007811 to 0.001177,0.00066 to 0.0008143,0.0004503 to 0.0006642,0.0004235 to 0.0005483,0.0003933 to 0.0006715,0.0004287 to 0.0005562,0.000312 to 0.0004214,0.0003315 to 0.0004449,0.0003306 to 0.0004847,0.0003317 to 0.000456,0.0003553 to 0.000505,0.0004231 to 0.0005395,0.0004553 to 0.0006918,0.000513 to 0.0008048,0.000469 to 0.0006072,0.0005052 to 0.0006307,0.0008243 to 0.001072,0.0006912 to 0.001048,0.0007769 to 0.0009408,0.0003227 to 0.001406,0.0012 to 0.001782,0.001131 to 0.001909,0.0001674 to 0.001334,0.0003021 to 0.00225,9.927e-005 to 0.004215,0.0001521 to 0.0008412,0.0004319 to 0.002807,0.003343 to 0.005188,0.0001667 to 0.03157,0.0004202 to 0.0005841,9.855e-005 to 0.0006794,0.0003678 to 0.0009416,0.0005928 to 0.0008219,0.001483 to 0.002977,0.001112 to 0.001929,0.0001481 to 0.0005144,0.000688 to 0.001565,0.0001956 to 0.0006376,0.0002906 to 0.0004433,0.0003182 to 0.0005645,0.0002282 to 0.0004339,0.0001937 to 0.0006545,0.0002423 to 0.0004852,0.0003358 to 0.0005386,0.0003238 to 0.0004366,0.0002486 to 0.0003726,0.0001896 to 0.0002629,0.0002235 to 0.0004356,0.0002684 to 0.0004515,0.000351 to 0.000523,0.0003462 to 0.000496,0.0003437 to 0.0006225,0.0004164 to 0.0005325,0.0003542 to 0.0005399,0.0007695 to 0.001289,0.0002498 to 0.0003847,0.0001474 to 0.000243,0.000278 to 0.0003851,0.0004629 to 0.0006081,0.000317 to 0.0004984,0.0003679 to 0.0005109,0.0002063 to 0.0005302,0.0003519 to 0.0006023,0.0002607 to 0.0004079,0.0003465 to 0.0006059,0.0003233 to 0.0004637,0.0004196 to 0.0006211,0.0002674 to 0.0004237,0.0003434 to 0.0006383,0.0003548 to 0.0004557,0.0004075 to 0.0005352,0.0003933 to 0.0007558,0.0002443 to 0.0003424,0.000465 to 0.0006394,0.0004258 to 0.0006899,0.000353 to 0.0005426,0.0006463 to 0.000989,0.0006385 to 0.001111,0.0002505 to 0.0003476,0.001083 to 0.001814,0.001105 to 0.002155,0.0009989 to 0.001783,0.001428 to 0.002072,0.001377 to 0.00225,0.001211 to 0.001807,0.0003493 to 0.0004377,0.0006484 to 0.0007818,0.0004175 to 0.0005412,0.0003175 to 0.0004172,0.0002924 to 0.0003903,0.0003662 to 0.0005571,0.0002695 to 0.0003551,0.0002672 to 0.0003567,0.0003416 to 0.0004796,0.0002286 to 0.0002845,0.0003014 to 0.0005938,0.000242 to 0.0003248,0.0001954 to 0.000276,0.0002248 to 0.0002941,0.0002331 to 0.0003763,0.0001808 to 0.000234,0.0002173 to 0.0003682,0.0002063 to 0.0003193,0.0001357 to 0.0002506,0.0004893 to 0.0009689,0.000214 to 0.0003859,0.000179 to 0.0002699,0.0001048 to 0.0003308,0.0002239 to 0.0003174,0.000228 to 0.0003965,0.0001802 to 0.00027,0.0002382 to 0.0004914,???,1.061e-005 to 0.007488,0.0001827 to 0.0002929,0.003258 to 0.04249,7.386e-005 to 0.0004442,0.006273 to ???,0.0001393 to 0.0003733,0.0001554 to 0.0006436,0.0001834 to 0.0002895,0.0002023 to 0.0003279,0.0001757 to 0.0003543,0.0002015 to 0.0005748,0.0002048 to 0.0003014,0.0004456 to 0.0007172,0.0002198 to 0.001528,0.0004788 to 0.000663,0.0003685 to 0.0005217,0.0002077 to 0.0006027,0.0003487 to 0.00053,0.0003697 to 0.0005415,0.000624 to 0.001348,0.0004687 to 0.0007284,0.0003758 to 0.0005484,0.0003901 to 0.0006053,0.0003459 to 0.0004404,0.0003188 to 0.0004613,0.000293 to 0.0004919,0.0002523 to 0.0003187,0.0003261 to 0.0004459,0.000206 to 0.0002845,0.0002212 to 0.0003384,0.0003767 to 0.0005476,0.0003004 to 0.0004487,0.0001391 to 0.0002295,0.002161 to 0.003102,0.0005254 to 0.001059,0.0001473 to 0.0003749,0.0008234 to 0.002733,0.0001601 to 0.0003889,7.036e-005 to 0.0002223,0.0003067 to 0.0007403,6.235e-005 to 0.0002917
Goodness of Fit,,,,,,,,,,,,,,,,,,,,,,,,,,,,,,,,,,,,,,,,,,,,,,,,,,,,,,,,,,,,,,,,,,,,,,,,,,,,,,,,,,,,,,,,,,,,,,,,,,,,,,,,,,,,,,,,,,,,,,,,,,,,,,,,,,,,,,,,,,,,,,,,,,,,,,,,,,,,,,,,,,,,,,,,,,,,,,,,,,,,,,,,,,,,,,,,,,,,,,,,,,,,,,,,,,,,,,,,,,,,,,,,,,,,,,,,,,,,,,,,,,,,,,,,,,,,,,,,,,,,,,,,,,,,,,,,,,,,,,,,,,,,,,,,,,,,,,,,,,,,,,,,,,,,,,,,,,,,,,,,,,,,,,,,,,,,,,,,,,,,,,,,,,,,,,,,,,,,,,,,,,,,,,,,,,,,,,,,,,,,,,,,,,,,,,,,,,,,,,,,,,,,,,,,,,,,,,,,,,,,,,,,,,,,,,,,,,,,,,,,,,,,,,,,,,,,,,,,,,,,,,,,,,,,,,,,,,,,,,,,,,,,,,,,,,,,,,,,,,,,,,,,,,,,,,,,,,,,,,,,,,,
     Degrees of Freedom,9,9,9,9,9,9,9,9,9,9,9,9,9,9,9,9,9,9,9,9,9,9,9,9,9,9,9,9,9,9,9,9,9,9,9,9,9,9,9,9,9,9,9,9,9,9,9,9,9,9,9,9,9,9,9,9,9,9,9,9,9,9,9,9,9,9,9,9,9,9,9,9,9,9,9,9,9,9,9,9,9,9,9,9,9,9,9,9,9,9,9,9,9,9,9,9,9,9,9,9,9,9,9,9,9,9,9,9,9,9,9,9,9,9,9,9,9,9,9,9,9,9,9,9,9,9,9,9,9,9,9,9,9,9,9,9,9,9,9,9,9,9,9,9,9,9,9,9,9,9,9,9,9,9,9,9,9,9,9,9,9,9,9,9,9,9,9,9,9,9,9,9,9,9,9,9,9,9,9,9,9,9,9,9,9,9,9,9,9,9,9,9,9,9,9,9,9,9,9,9,9,9,9,9,9,9,9,9,9,9,9,9,9,9,9,9,9,9,9,9,9,9,9,9,9,9,9,9,9,9,9,9,9,9,9,9,9,9,9,9,9,9,9,9,9,9,9,9,9,9,9,9,9,9,9,9,9,9,9,9,9,9,9,9,9,9,9,9,9,9,9,9,9,9,9,9,9,9,9,9,9,9,9,9,9,9,9,9,9,9,9,9,9,9,9,9,9,9,9,9,9,9,9,9,9,9,9,9,9,9,9,9,9,9,9,9,9,9,9,9,9,9,9,9,9,9,9,9,9,9,9,9,9,9,9,9,9,9,9,9,9,9,9,9,9,9,9,9,9,9,9,9,9,9,9,9,9,9,9,9,9,9,9,9,9,9,9,9,9,9,9,9,9,9,9,9,9,9,9,9,9,9,9,9,9,9,9,9,9,9,9,9,9,9,9,9,9,9,9,9,9,9,9,9,9,9,9,9,9,9,9,9,9,9,9,9,9,9,9,9,9,9,9,9,9,9,9,9,9,9,9,9,9,9,9,9,9,9,9,9,9,9,9,9,9,9,9,9,9,9,9,9,9,9,9,9,9,9,9,9,9,9,9,9,9,9,9,9,9,9,9,9,9,9,9,9,9,9,9,9,9,9,9,9,9,9,9,9,9,9,9,9,9,9,9,9,9,9,9,9,9,9,9,9,9,9,9,9,9,9,9,9,9,9,9,9,9,9,9,9,9,9,9
     R square (weighted),0.9985,0.9776,0.9933,0.9977,0.9976,0.9979,0.9942,0.9979,0.9956,0.995,0.9983,0.9899,0.9711,0.9721,0.9975,0.9965,0.998,0.9908,0.9975,0.9992,0.999,0.9944,0.9983,0.9982,0.9968,0.9973,0.9687,0.9976,0.9906,0.9986,0.9993,0.9972,0.9984,0.9984,0.9981,0.9951,0.9975,0.9927,0.9978,0.9987,0.9978,0.9911,0.9951,0.9955,0.9983,0.9844,0.988,0.9967,0.9975,0.996,0.9957,0.9883,0.9896,0.999,0.9969,0.9988,0.9988,0.9988,0.9989,0.9795,0.9943,0.9967,0.9822,0.9958,0.9488,0.8592,0.9309,0.9813,0.9948,0.9035,0.9968,0.9599,0.9577,0.9972,0.9968,0.9977,0.9983,0.9981,0.9914,0.9972,0.9874,0.9986,0.9744,0.966,0.9979,0.9984,0.998,0.9968,0.9941,0.9973,0.9976,0.9984,0.9977,0.9986,0.9985,0.9981,0.9986,0.9986,0.9978,0.998,0.9978,0.9982,0.9967,0.9787,0.9979,0.9982,0.9983,0.9991,0.9974,0.9981,0.9979,0.9962,0.997,0.9922,0.9953,0.9892,0.968,0.9726,0.9929,0.9975,0.9976,0.998,0.9945,0.9898,0.994,0.9588,0.9784,0.9652,0.8716,0.9914,0.981,0.9654,0.9734,0.9948,0.9754,0.9084,0.9959,0.979,0.9969,0.9955,0.9566,0.9975,0.9473,0.9273,0.9622,0.9691,0.9701,0.9786,0.9782,0.9425,0.9969,0.9937,0.9829,0.9294,0.9738,0.9235,0.9586,0.9137,0.957,0.9601,0.9326,0.9701,0.9662,0.9953,0.9982,0.9825,0.9956,0.9938,0.9993,0.999,0.9985,0.9946,0.9939,0.9976,0.9977,0.9964,0.999,0.9962,0.9953,0.9618,0.9977,0.9964,0.9902,0.9897,0.994,0.9983,0.9928,0.9987,0.9995,0.9905,0.9912,0.9979,0.9986,0.9986,0.9983,0.9863,0.9977,0.9961,0.997,0.9966,0.9889,0.9967,0.9946,0.991,0.9972,0.9958,0.9987,0.9985,0.9971,0.9987,0.9866,0.9984,0.9869,0.9728,0.989,0.9964,0.9968,0.9973,0.9987,0.9975,0.9961,0.9986,0.9934,0.9971,0.9989,0.9982,0.9914,0.9673,0.9915,0.9893,0.9979,0.9975,0.9914,0.9964,0.9537,0.9779,0.9965,0.9928,0.9881,0.9535,0.9872,0.9908,0.9986,0.9992,0.9969,0.9943,0.9591,0.8845,0.9326,0.931,0.9309,0.9686,0.9145,0.9976,0.9551,0.9987,0.9195,0.9698,0.9346,0.911,0.9225,0.8812,0.9808,0.8689,0.9966,0.9549,0.7466,0.9118,0.9334,0.9038,0.6868,0.849,0.9559,0.8703,0.9023,0.3301,0.9427,0.9904,0.697,0.33,0.9847,0.9859,0.9984,0.9976,0.9967,0.9984,0.9971,0.9976,0.9975,0.9983,0.9981,0.9956,0.9982,0.9989,0.9974,0.9962,0.9955,0.9984,0.9818,0.9959,0.9977,0.9932,0.9969,0.9969,0.9981,0.9969,0.9927,0.9945,0.9942,0.9907,0.9832,0.995,0.9947,0.997,0.9934,0.9641,0.9329,0.9963,0.9951,0.9946,0.965,0.9966,0.9932,0.9967,0.9952,0.998,0.9962,0.9945,0.9978,0.9975,0.9918,0.9973,0.9294,0.9858,0.8126,0.9946,0.9975,0.9889,0.9821,0.9055,0.9071,0.9928,0.9932,0.9966,0.9099,0.9918,0.9948,0.9979,0.9976,0.995,0.9785,0.9931,0.7664,0.9965,0.7755,0.9662,0.5064,0.9971,0.7202,0.996,0.7221,0.681,0.9945,0.862,0.9945,0.8812,0.9604,0.992,0.9959,0.9957,0.999,0.9965,0.9985,0.9929,0.9985,0.998,0.998,0.9965,0.9977,0.9971,0.9986,0.9958,0.9954,0.9985,0.9989,0.9982,0.9956,0.9991,0.9357,0.9961,0.9929,0.8981,0.9101,0.7877,0.9406,0.9246,0.9956,0.7985,0.9975,0.9168,0.98,0.9975,0.9877,0.9922,0.9438,0.9836,0.9668,0.9957,0.9899,0.9873,0.9592,0.9864,0.9941,0.998,0.9958,0.997,0.9878,0.9923,0.9965,0.9969,0.9905,0.9986,0.9959,0.9936,0.9953,0.9937,0.9975,0.9982,0.9953,0.9973,0.9739,0.9923,0.9944,0.9929,0.9969,0.9959,0.9949,0.9911,0.9986,0.9983,0.9886,0.9975,0.9976,0.9942,0.9956,0.9951,0.9932,0.9978,0.993,0.9889,0.9901,0.996,0.9929,0.9954,0.9989,0.9991,0.9984,0.9981,0.998,0.9957,0.9982,0.998,0.9973,0.9989,0.9894,0.9981,0.9968,0.9982,0.9941,0.9985,0.994,0.996,0.9909,0.9895,0.9924,0.9956,0.9683,0.9967,0.9926,0.9959,0.9881,0.08795,0.4238,0.9937,0.8795,0.9235,0.7491,0.9726,0.9359,0.9945,0.9933,0.9867,0.9736,0.9958,0.9947,0.912,0.9975,0.9969,0.9678,0.9958,0.9965,0.9831,0.9951,0.9965,0.9952,0.9986,0.9967,0.9939,0.9988,0.9976,0.9977,0.9955,0.9966,0.9964,0.9922,0.9952,0.9888,0.9691,0.9716,0.9768,0.9415,0.9825,0.9285
     Weighted Sum of Squares (1/SD),15019,14.73,120,151,157.2,53.41,15.59,30.1,10.02,60.57,16.34,45.05,20.78,17.75,23.95,43.65,26.75,9.01,17.48,32.35,19.68,22.27,48.93,58.87,15.84,20.4,11.56,11.76,6.171,9.269,7.814,18.38,37.66,74.82,33.19,11.49,33.74,20.7,30.84,24.94,33.83,19.21,29.33,36.36,19.11,21.34,8.589,37.43,58.26,52.02,52.25,12.15,6.814,13.65,47.96,14.24,22.41,74.54,17.69,19.38,86.72,6.766,129.7,104.6,215,6.249,237.1,25.1,75.02,415.6,43.22,48.16,259.7,10.04,73.22,176.7,58.73,54.4,17.26,29.11,12.18,26.81,68.94,9.428,28.28,34.06,51.67,8.683,13.71,65.97,121.2,115.3,64.58,10,46.49,53.54,11.93,65.77,98.66,23.1,110.2,39.32,6.371,8.372,37.52,54.61,13.73,25.51,155.5,16.11,30.52,35.82,39.79,12.78,75.29,79.08,7.803,81.42,11.16,44.06,40.83,15.77,23.69,104.4,86.85,66.48,153.8,43.55,39.81,62.46,44.12,24.69,102.6,90.26,41.9,143.1,10.69,180.5,70.39,21.94,63.84,60.8,42.29,14,81.05,40.29,15.53,40.2,43.28,17.67,31.18,8.021,88.52,222.4,67.54,36.18,91.27,20.74,84.17,79.28,15.34,35.65,106.5,42.58,29.48,37.95,41.39,16.21,12.52,31.13,34.3,30.12,9.625,61.83,74.5,36.16,18.02,6.556,16.93,25.66,9.227,52.22,31.3,12.39,60.84,35.96,18.99,36.2,12.91,37.02,18.42,25.49,40.47,52.99,59.87,35.03,14.72,7.98,21.86,41.14,34.99,32.93,33.41,12.21,30.54,19.38,38.29,65.32,9.302,36.8,96.95,28.54,66.33,39.78,30.29,73.59,42.56,16.94,32.76,77.4,21.91,25.18,36.74,22.45,18.58,42.78,8.586,36.35,43.45,7.353,33.37,40.94,33.91,19.16,10.48,18.05,33.6,51.56,47.52,13.67,82.28,22.73,15.69,31.08,24.58,5.681,79.09,23.14,80.6,89.41,30.16,39.51,220.8,9.583,98.88,40.42,269.8,181.1,16.4,69.52,140.6,13.81,85.47,11.33,40.14,51.41,434.6,17.91,32.66,11.69,571.9,35.52,50.79,177.9,29.7,20.84,105.7,49.26,18.9,947.8,89.24,21.99,31.61,16.57,102.6,68.37,24.07,68.36,105.3,13.14,25.88,42.89,12.23,47.15,83.57,54.95,8.524,18.54,10.02,23.32,35.47,6.115,72.61,42.49,44.78,50.17,16.89,55.43,54.19,9.094,15.86,38.56,52.24,39.79,52.31,28.45,27.88,35.46,56.25,27.43,50.65,64.59,72.88,26.94,15.42,50.42,104.3,32.67,88.23,76.25,30.46,27.33,16.96,37.98,17.62,24.4,32.98,25.72,27.05,14.5,20.27,65.13,56.26,27.33,25.74,47.79,12.49,25.31,32.39,26.28,22.1,37.27,49.59,48.14,15.69,5.521,7.485,7.269,45.72,17.3,15.57,24.99,15.09,51.86,59.68,26.47,108.5,10.35,54.1,70.72,4.078,107.2,50.8,38.68,31.02,67.7,78.6,26.39,32.26,64.88,19.27,8.793,8.925,25.18,17.2,6.604,77.35,22.86,34.47,20.93,52.77,15.66,17.79,79.01,10.71,32.82,47.29,27.43,22.65,46.41,9.582,41.02,38.91,20.41,19.38,43.37,15.58,64.03,14.51,11.16,19,21.35,8.27,32.35,27.81,11.01,8.021,29.85,5.312,47.58,55.63,39.84,7.153,23.8,34.67,7.996,77.12,44.29,8.144,26.01,22.42,71.81,34.89,19.26,47.4,33.7,29.84,16.48,35.86,95.81,39.74,27.73,43.55,117.2,8.635,53.01,10.53,19.86,11.68,7.696,60.69,120.8,30.97,99.17,183,18.11,55.91,67.63,85.26,18.98,94.12,118.4,29.01,67.31,403.6,30.51,114.5,38.15,20.19,139.2,182.5,19.18,25.45,12.08,7.396,39.72,37.63,93.23,24.95,32.16,20.37,103.9,34.95,32.42,14.85,33.33,9.875,62.24,18.11,71.32,53.49,37.75,6.581,53.85,69.85,9.658,21.71,34.15,15.78,4.775,45.59,14.05,87.54,35.17,18.24,23.39,34.16,35.72,43.71,25.19,18.05,95.75,34.72,23.09,49.21,81.02,40.17,23.42,263.5,32.9,10.07,35.97,10.99
     Sy.x,40.85,1.279,3.652,4.097,4.18,2.436,1.316,1.829,1.055,2.594,1.347,2.237,1.519,1.404,1.631,2.202,1.724,1.001,1.394,1.896,1.479,1.573,2.332,2.558,1.327,1.506,1.133,1.143,0.828,1.015,0.9318,1.429,2.046,2.883,1.92,1.13,1.936,1.516,1.851,1.665,1.939,1.461,1.805,2.01,1.457,1.54,0.9769,2.039,2.544,2.404,2.409,1.162,0.8701,1.232,2.309,1.258,1.578,2.878,1.402,1.467,3.104,0.8671,3.796,3.41,4.887,0.8332,5.133,1.67,2.887,6.796,2.192,2.313,5.372,1.056,2.852,4.431,2.555,2.459,1.385,1.799,1.163,1.726,2.768,1.024,1.773,1.945,2.396,0.9822,1.234,2.707,3.67,3.579,2.679,1.054,2.273,2.439,1.151,2.703,3.311,1.602,3.499,2.09,0.8414,0.9645,2.042,2.463,1.235,1.684,4.157,1.338,1.842,1.995,2.103,1.191,2.892,2.964,0.9311,3.008,1.114,2.213,2.13,1.324,1.622,3.405,3.106,2.718,4.134,2.2,2.103,2.634,2.214,1.656,3.376,3.167,2.158,3.987,1.09,4.478,2.797,1.561,2.663,2.599,2.168,1.247,3.001,2.116,1.313,2.114,2.193,1.401,1.861,0.944,3.136,4.971,2.739,2.005,3.185,1.518,3.058,2.968,1.305,1.99,3.44,2.175,1.81,2.053,2.145,1.342,1.179,1.86,1.952,1.829,1.034,2.621,2.877,2.004,1.415,0.8535,1.372,1.689,1.013,2.409,1.865,1.173,2.6,1.999,1.453,2.006,1.198,2.028,1.431,1.683,2.121,2.427,2.579,1.973,1.279,0.9417,1.558,2.138,1.972,1.913,1.927,1.165,1.842,1.467,2.063,2.694,1.017,2.022,3.282,1.781,2.715,2.102,1.834,2.86,2.174,1.372,1.908,2.933,1.56,1.673,2.02,1.579,1.437,2.18,0.9767,2.01,2.197,0.9039,1.926,2.133,1.941,1.459,1.079,1.416,1.932,2.394,2.298,1.233,3.024,1.589,1.32,1.858,1.653,0.7945,2.964,1.604,2.993,3.152,1.831,2.095,4.953,1.032,3.315,2.119,5.475,4.486,1.35,2.779,3.952,1.239,3.082,1.122,2.112,2.39,6.949,1.411,1.905,1.14,7.972,1.987,2.376,4.446,1.816,1.522,3.427,2.339,1.449,10.26,3.149,1.563,1.874,1.357,3.377,2.756,1.636,2.756,3.421,1.209,1.696,2.183,1.166,2.289,3.047,2.471,0.9732,1.435,1.055,1.61,1.985,0.8243,2.84,2.173,2.231,2.361,1.37,2.482,2.454,1.005,1.328,2.07,2.409,2.103,2.411,1.778,1.76,1.985,2.5,1.746,2.372,2.679,2.846,1.73,1.309,2.367,3.404,1.905,3.131,2.911,1.84,1.743,1.373,2.054,1.399,1.647,1.914,1.691,1.734,1.269,1.501,2.69,2.5,1.743,1.691,2.304,1.178,1.677,1.897,1.709,1.567,2.035,2.347,2.313,1.32,0.7832,0.9119,0.8987,2.254,1.386,1.315,1.666,1.295,2.4,2.575,1.715,3.473,1.072,2.452,2.803,0.6731,3.451,2.376,2.073,1.857,2.743,2.955,1.712,1.893,2.685,1.463,0.9885,0.9958,1.673,1.382,0.8566,2.932,1.594,1.957,1.525,2.421,1.319,1.406,2.963,1.091,1.91,2.292,1.746,1.586,2.271,1.032,2.135,2.079,1.506,1.467,2.195,1.316,2.667,1.27,1.113,1.453,1.54,0.9586,1.896,1.758,1.106,0.944,1.821,0.7683,2.299,2.486,2.104,0.8915,1.626,1.963,0.9426,2.927,2.218,0.9513,1.7,1.578,2.825,1.969,1.463,2.295,1.935,1.821,1.353,1.996,3.263,2.101,1.755,2.2,3.609,0.9795,2.427,1.082,1.486,1.139,0.9247,2.597,3.663,1.855,3.32,4.509,1.418,2.492,2.741,3.078,1.452,3.234,3.627,1.795,2.735,6.697,1.841,3.567,2.059,1.498,3.933,4.502,1.46,1.682,1.158,0.9065,2.101,2.045,3.219,1.665,1.89,1.505,3.398,1.971,1.898,1.284,1.924,1.047,2.63,1.419,2.815,2.438,2.048,0.8551,2.446,2.786,1.036,1.553,1.948,1.324,0.7284,2.251,1.25,3.119,1.977,1.423,1.612,1.948,1.992,2.204,1.673,1.416,3.262,1.964,1.602,2.338,3,2.113,1.613,5.411,1.912,1.058,1.999,1.105
Constraints,,,,,,,,,,,,,,,,,,,,,,,,,,,,,,,,,,,,,,,,,,,,,,,,,,,,,,,,,,,,,,,,,,,,,,,,,,,,,,,,,,,,,,,,,,,,,,,,,,,,,,,,,,,,,,,,,,,,,,,,,,,,,,,,,,,,,,,,,,,,,,,,,,,,,,,,,,,,,,,,,,,,,,,,,,,,,,,,,,,,,,,,,,,,,,,,,,,,,,,,,,,,,,,,,,,,,,,,,,,,,,,,,,,,,,,,,,,,,,,,,,,,,,,,,,,,,,,,,,,,,,,,,,,,,,,,,,,,,,,,,,,,,,,,,,,,,,,,,,,,,,,,,,,,,,,,,,,,,,,,,,,,,,,,,,,,,,,,,,,,,,,,,,,,,,,,,,,,,,,,,,,,,,,,,,,,,,,,,,,,,,,,,,,,,,,,,,,,,,,,,,,,,,,,,,,,,,,,,,,,,,,,,,,,,,,,,,,,,,,,,,,,,,,,,,,,,,,,,,,,,,,,,,,,,,,,,,,,,,,,,,,,,,,,,,,,,,,,,,,,,,,,,,,,,,,,,,,,,,,,,,,
     Ymax,0 < Ymax < 100,0 < Ymax < 100,0 < Ymax < 100,0 < Ymax < 100,0 < Ymax < 100,0 < Ymax < 100,0 < Ymax < 100,0 < Ymax < 100,0 < Ymax < 100,0 < Ymax < 100,0 < Ymax < 100,0 < Ymax < 100,0 < Ymax < 100,0 < Ymax < 100,0 < Ymax < 100,0 < Ymax < 100,0 < Ymax < 100,0 < Ymax < 100,0 < Ymax < 100,0 < Ymax < 100,0 < Ymax < 100,0 < Ymax < 100,0 < Ymax < 100,0 < Ymax < 100,0 < Ymax < 100,0 < Ymax < 100,0 < Ymax < 100,0 < Ymax < 100,0 < Ymax < 100,0 < Ymax < 100,0 < Ymax < 100,0 < Ymax < 100,0 < Ymax < 100,0 < Ymax < 100,0 < Ymax < 100,0 < Ymax < 100,0 < Ymax < 100,0 < Ymax < 100,0 < Ymax < 100,0 < Ymax < 100,0 < Ymax < 100,0 < Ymax < 100,0 < Ymax < 100,0 < Ymax < 100,0 < Ymax < 100,0 < Ymax < 100,0 < Ymax < 100,0 < Ymax < 100,0 < Ymax < 100,0 < Ymax < 100,0 < Ymax < 100,0 < Ymax < 100,0 < Ymax < 100,0 < Ymax < 100,0 < Ymax < 100,0 < Ymax < 100,0 < Ymax < 100,0 < Ymax < 100,0 < Ymax < 100,0 < Ymax < 100,0 < Ymax < 100,0 < Ymax < 100,0 < Ymax < 100,0 < Ymax < 100,0 < Ymax < 100,0 < Ymax < 100,0 < Ymax < 100,0 < Ymax < 100,0 < Ymax < 100,0 < Ymax < 100,0 < Ymax < 100,0 < Ymax < 100,0 < Ymax < 100,0 < Ymax < 100,0 < Ymax < 100,0 < Ymax < 100,0 < Ymax < 100,0 < Ymax < 100,0 < Ymax < 100,0 < Ymax < 100,0 < Ymax < 100,0 < Ymax < 100,0 < Ymax < 100,0 < Ymax < 100,0 < Ymax < 100,0 < Ymax < 100,0 < Ymax < 100,0 < Ymax < 100,0 < Ymax < 100,0 < Ymax < 100,0 < Ymax < 100,0 < Ymax < 100,0 < Ymax < 100,0 < Ymax < 100,0 < Ymax < 100,0 < Ymax < 100,0 < Ymax < 100,0 < Ymax < 100,0 < Ymax < 100,0 < Ymax < 100,0 < Ymax < 100,0 < Ymax < 100,0 < Ymax < 100,0 < Ymax < 100,0 < Ymax < 100,0 < Ymax < 100,0 < Ymax < 100,0 < Ymax < 100,0 < Ymax < 100,0 < Ymax < 100,0 < Ymax < 100,0 < Ymax < 100,0 < Ymax < 100,0 < Ymax < 100,0 < Ymax < 100,0 < Ymax < 100,0 < Ymax < 100,0 < Ymax < 100,0 < Ymax < 100,0 < Ymax < 100,0 < Ymax < 100,0 < Ymax < 100,0 < Ymax < 100,0 < Ymax < 100,0 < Ymax < 100,0 < Ymax < 100,0 < Ymax < 100,0 < Ymax < 100,0 < Ymax < 100,0 < Ymax < 100,0 < Ymax < 100,0 < Ymax < 100,0 < Ymax < 100,0 < Ymax < 100,0 < Ymax < 100,0 < Ymax < 100,0 < Ymax < 100,0 < Ymax < 100,0 < Ymax < 100,0 < Ymax < 100,0 < Ymax < 100,0 < Ymax < 100,0 < Ymax < 100,0 < Ymax < 100,0 < Ymax < 100,0 < Ymax < 100,0 < Ymax < 100,0 < Ymax < 100,0 < Ymax < 100,0 < Ymax < 100,0 < Ymax < 100,0 < Ymax < 100,0 < Ymax < 100,0 < Ymax < 100,0 < Ymax < 100,0 < Ymax < 100,0 < Ymax < 100,0 < Ymax < 100,0 < Ymax < 100,0 < Ymax < 100,0 < Ymax < 100,0 < Ymax < 100,0 < Ymax < 100,0 < Ymax < 100,0 < Ymax < 100,0 < Ymax < 100,0 < Ymax < 100,0 < Ymax < 100,0 < Ymax < 100,0 < Ymax < 100,0 < Ymax < 100,0 < Ymax < 100,0 < Ymax < 100,0 < Ymax < 100,0 < Ymax < 100,0 < Ymax < 100,0 < Ymax < 100,0 < Ymax < 100,0 < Ymax < 100,0 < Ymax < 100,0 < Ymax < 100,0 < Ymax < 100,0 < Ymax < 100,0 < Ymax < 100,0 < Ymax < 100,0 < Ymax < 100,0 < Ymax < 100,0 < Ymax < 100,0 < Ymax < 100,0 < Ymax < 100,0 < Ymax < 100,0 < Ymax < 100,0 < Ymax < 100,0 < Ymax < 100,0 < Ymax < 100,0 < Ymax < 100,0 < Ymax < 100,0 < Ymax < 100,0 < Ymax < 100,0 < Ymax < 100,0 < Ymax < 100,0 < Ymax < 100,0 < Ymax < 100,0 < Ymax < 100,0 < Ymax < 100,0 < Ymax < 100,0 < Ymax < 100,0 < Ymax < 100,0 < Ymax < 100,0 < Ymax < 100,0 < Ymax < 100,0 < Ymax < 100,0 < Ymax < 100,0 < Ymax < 100,0 < Ymax < 100,0 < Ymax < 100,0 < Ymax < 100,0 < Ymax < 100,0 < Ymax < 100,0 < Ymax < 100,0 < Ymax < 100,0 < Ymax < 100,0 < Ymax < 100,0 < Ymax < 100,0 < Ymax < 100,0 < Ymax < 100,0 < Ymax < 100,0 < Ymax < 100,0 < Ymax < 100,0 < Ymax < 100,0 < Ymax < 100,0 < Ymax < 100,0 < Ymax < 100,0 < Ymax < 100,0 < Ymax < 100,0 < Ymax < 100,0 < Ymax < 100,0 < Ymax < 100,0 < Ymax < 100,0 < Ymax < 100,0 < Ymax < 100,0 < Ymax < 100,0 < Ymax < 100,0 < Ymax < 100,0 < Ymax < 100,0 < Ymax < 100,0 < Ymax < 100,0 < Ymax < 100,0 < Ymax < 100,0 < Ymax < 100,0 < Ymax < 100,0 < Ymax < 100,0 < Ymax < 100,0 < Ymax < 100,0 < Ymax < 100,0 < Ymax < 100,0 < Ymax < 100,0 < Ymax < 100,0 < Ymax < 100,0 < Ymax < 100,0 < Ymax < 100,0 < Ymax < 100,0 < Ymax < 100,0 < Ymax < 100,0 < Ymax < 100,0 < Ymax < 100,0 < Ymax < 100,0 < Ymax < 100,0 < Ymax < 100,0 < Ymax < 100,0 < Ymax < 100,0 < Ymax < 100,0 < Ymax < 100,0 < Ymax < 100,0 < Ymax < 100,0 < Ymax < 100,0 < Ymax < 100,0 < Ymax < 100,0 < Ymax < 100,0 < Ymax < 100,0 < Ymax < 100,0 < Ymax < 100,0 < Ymax < 100,0 < Ymax < 100,0 < Ymax < 100,0 < Ymax < 100,0 < Ymax < 100,0 < Ymax < 100,0 < Ymax < 100,0 < Ymax < 100,0 < Ymax < 100,0 < Ymax < 100,0 < Ymax < 100,0 < Ymax < 100,0 < Ymax < 100,0 < Ymax < 100,0 < Ymax < 100,0 < Ymax < 100,0 < Ymax < 100,0 < Ymax < 100,0 < Ymax < 100,0 < Ymax < 100,0 < Ymax < 100,0 < Ymax < 100,0 < Ymax < 100,0 < Ymax < 100,0 < Ymax < 100,0 < Ymax < 100,0 < Ymax < 100,0 < Ymax < 100,0 < Ymax < 100,0 < Ymax < 100,0 < Ymax < 100,0 < Ymax < 100,0 < Ymax < 100,0 < Ymax < 100,0 < Ymax < 100,0 < Ymax < 100,0 < Ymax < 100,0 < Ymax < 100,0 < Ymax < 100,0 < Ymax < 100,0 < Ymax < 100,0 < Ymax < 100,0 < Ymax < 100,0 < Ymax < 100,0 < Ymax < 100,0 < Ymax < 100,0 < Ymax < 100,0 < Ymax < 100,0 < Ymax < 100,0 < Ymax < 100,0 < Ymax < 100,0 < Ymax < 100,0 < Ymax < 100,0 < Ymax < 100,0 < Ymax < 100,0 < Ymax < 100,0 < Ymax < 100,0 < Ymax < 100,0 < Ymax < 100,0 < Ymax < 100,0 < Ymax < 100,0 < Ymax < 100,0 < Ymax < 100,0 < Ymax < 100,0 < Ymax < 100,0 < Ymax < 100,0 < Ymax < 100,0 < Ymax < 100,0 < Ymax < 100,0 < Ymax < 100,0 < Ymax < 100,0 < Ymax < 100,0 < Ymax < 100,0 < Ymax < 100,0 < Ymax < 100,0 < Ymax < 100,0 < Ymax < 100,0 < Ymax < 100,0 < Ymax < 100,0 < Ymax < 100,0 < Ymax < 100,0 < Ymax < 100,0 < Ymax < 100,0 < Ymax < 100,0 < Ymax < 100,0 < Ymax < 100,0 < Ymax < 100,0 < Ymax < 100,0 < Ymax < 100,0 < Ymax < 100,0 < Ymax < 100,0 < Ymax < 100,0 < Ymax < 100,0 < Ymax < 100,0 < Ymax < 100,0 < Ymax < 100,0 < Ymax < 100,0 < Ymax < 100,0 < Ymax < 100,0 < Ymax < 100,0 < Ymax < 100,0 < Ymax < 100,0 < Ymax < 100,0 < Ymax < 100,0 < Ymax < 100,0 < Ymax < 100,0 < Ymax < 100,0 < Ymax < 100,0 < Ymax < 100,0 < Ymax < 100,0 < Ymax < 100,0 < Ymax < 100,0 < Ymax < 100,0 < Ymax < 100,0 < Ymax < 100,0 < Ymax < 100,0 < Ymax < 100,0 < Ymax < 100,0 < Ymax < 100,0 < Ymax < 100,0 < Ymax < 100,0 < Ymax < 100,0 < Ymax < 100,0 < Ymax < 100,0 < Ymax < 100,0 < Ymax < 100,0 < Ymax < 100,0 < Ymax < 100,0 < Ymax < 100,0 < Ymax < 100,0 < Ymax < 100,0 < Ymax < 100,0 < Ymax < 100,0 < Ymax < 100,0 < Ymax < 100,0 < Ymax < 100,0 < Ymax < 100,0 < Ymax < 100,0 < Ymax < 100,0 < Ymax < 100,0 < Ymax < 100,0 < Ymax < 100,0 < Ymax < 100,0 < Ymax < 100,0 < Ymax < 100,0 < Ymax < 100,0 < Ymax < 100,0 < Ymax < 100,0 < Ymax < 100,0 < Ymax < 100,0 < Ymax < 100,0 < Ymax < 100,0 < Ymax < 100,0 < Ymax < 100,0 < Ymax < 100,0 < Ymax < 100,0 < Ymax < 100,0 < Ymax < 100,0 < Ymax < 100,0 < Ymax < 100,0 < Ymax < 100,0 < Ymax < 100,0 < Ymax < 100,0 < Ymax < 100,0 < Ymax < 100,0 < Ymax < 100,0 < Ymax < 100,0 < Ymax < 100,0 < Ymax < 100,0 < Ymax < 100,0 < Ymax < 100,0 < Ymax < 100,0 < Ymax < 100,0 < Ymax < 100,0 < Ymax < 100,0 < Ymax < 100,0 < Ymax < 100,0 < Ymax < 100,0 < Ymax < 100,0 < Ymax < 100,0 < Ymax < 100,0 < Ymax < 100,0 < Ymax < 100,0 < Ymax < 100,0 < Ymax < 100,0 < Ymax < 100,0 < Ymax < 100,0 < Ymax < 100,0 < Ymax < 100,0 < Ymax < 100,0 < Ymax < 100,0 < Ymax < 100,0 < Ymax < 100,0 < Ymax < 100,0 < Ymax < 100,0 < Ymax < 100,0 < Ymax < 100,0 < Ymax < 100,0 < Ymax < 100,0 < Ymax < 100,0 < Ymax < 100,0 < Ymax < 100,0 < Ymax < 100,0 < Ymax < 100,0 < Ymax < 100,0 < Ymax < 100,0 < Ymax < 100,0 < Ymax < 100,0 < Ymax < 100,0 < Ymax < 100,0 < Ymax < 100,0 < Ymax < 100,0 < Ymax < 100,0 < Ymax < 100,0 < Ymax < 100,0 < Ymax < 100,0 < Ymax < 100,0 < Ymax < 100,0 < Ymax < 100,0 < Ymax < 100,0 < Ymax < 100,0 < Ymax < 100,0 < Ymax < 100,0 < Ymax < 100,0 < Ymax < 100,0 < Ymax < 100,0 < Ymax < 100,0 < Ymax < 100,0 < Ymax < 100,0 < Ymax < 100,0 < Ymax < 100,0 < Ymax < 100,0 < Ymax < 100,0 < Ymax < 100,0 < Ymax < 100,0 < Ymax < 100,0 < Ymax < 100,0 < Ymax < 100,0 < Ymax < 100,0 < Ymax < 100,0 < Ymax < 100
     Ymin,0 < Ymin < 100,0 < Ymin < 100,0 < Ymin < 100,0 < Ymin < 100,0 < Ymin < 100,0 < Ymin < 100,0 < Ymin < 100,0 < Ymin < 100,0 < Ymin < 100,0 < Ymin < 100,0 < Ymin < 100,0 < Ymin < 100,0 < Ymin < 100,0 < Ymin < 100,0 < Ymin < 100,0 < Ymin < 100,0 < Ymin < 100,0 < Ymin < 100,0 < Ymin < 100,0 < Ymin < 100,0 < Ymin < 100,0 < Ymin < 100,0 < Ymin < 100,0 < Ymin < 100,0 < Ymin < 100,0 < Ymin < 100,0 < Ymin < 100,0 < Ymin < 100,0 < Ymin < 100,0 < Ymin < 100,0 < Ymin < 100,0 < Ymin < 100,0 < Ymin < 100,0 < Ymin < 100,0 < Ymin < 100,0 < Ymin < 100,0 < Ymin < 100,0 < Ymin < 100,0 < Ymin < 100,0 < Ymin < 100,0 < Ymin < 100,0 < Ymin < 100,0 < Ymin < 100,0 < Ymin < 100,0 < Ymin < 100,0 < Ymin < 100,0 < Ymin < 100,0 < Ymin < 100,0 < Ymin < 100,0 < Ymin < 100,0 < Ymin < 100,0 < Ymin < 100,0 < Ymin < 100,0 < Ymin < 100,0 < Ymin < 100,0 < Ymin < 100,0 < Ymin < 100,0 < Ymin < 100,0 < Ymin < 100,0 < Ymin < 100,0 < Ymin < 100,0 < Ymin < 100,0 < Ymin < 100,0 < Ymin < 100,0 < Ymin < 100,0 < Ymin < 100,0 < Ymin < 100,0 < Ymin < 100,0 < Ymin < 100,0 < Ymin < 100,0 < Ymin < 100,0 < Ymin < 100,0 < Ymin < 100,0 < Ymin < 100,0 < Ymin < 100,0 < Ymin < 100,0 < Ymin < 100,0 < Ymin < 100,0 < Ymin < 100,0 < Ymin < 100,0 < Ymin < 100,0 < Ymin < 100,0 < Ymin < 100,0 < Ymin < 100,0 < Ymin < 100,0 < Ymin < 100,0 < Ymin < 100,0 < Ymin < 100,0 < Ymin < 100,0 < Ymin < 100,0 < Ymin < 100,0 < Ymin < 100,0 < Ymin < 100,0 < Ymin < 100,0 < Ymin < 100,0 < Ymin < 100,0 < Ymin < 100,0 < Ymin < 100,0 < Ymin < 100,0 < Ymin < 100,0 < Ymin < 100,0 < Ymin < 100,0 < Ymin < 100,0 < Ymin < 100,0 < Ymin < 100,0 < Ymin < 100,0 < Ymin < 100,0 < Ymin < 100,0 < Ymin < 100,0 < Ymin < 100,0 < Ymin < 100,0 < Ymin < 100,0 < Ymin < 100,0 < Ymin < 100,0 < Ymin < 100,0 < Ymin < 100,0 < Ymin < 100,0 < Ymin < 100,0 < Ymin < 100,0 < Ymin < 100,0 < Ymin < 100,0 < Ymin < 100,0 < Ymin < 100,0 < Ymin < 100,0 < Ymin < 100,0 < Ymin < 100,0 < Ymin < 100,0 < Ymin < 100,0 < Ymin < 100,0 < Ymin < 100,0 < Ymin < 100,0 < Ymin < 100,0 < Ymin < 100,0 < Ymin < 100,0 < Ymin < 100,0 < Ymin < 100,0 < Ymin < 100,0 < Ymin < 100,0 < Ymin < 100,0 < Ymin < 100,0 < Ymin < 100,0 < Ymin < 100,0 < Ymin < 100,0 < Ymin < 100,0 < Ymin < 100,0 < Ymin < 100,0 < Ymin < 100,0 < Ymin < 100,0 < Ymin < 100,0 < Ymin < 100,0 < Ymin < 100,0 < Ymin < 100,0 < Ymin < 100,0 < Ymin < 100,0 < Ymin < 100,0 < Ymin < 100,0 < Ymin < 100,0 < Ymin < 100,0 < Ymin < 100,0 < Ymin < 100,0 < Ymin < 100,0 < Ymin < 100,0 < Ymin < 100,0 < Ymin < 100,0 < Ymin < 100,0 < Ymin < 100,0 < Ymin < 100,0 < Ymin < 100,0 < Ymin < 100,0 < Ymin < 100,0 < Ymin < 100,0 < Ymin < 100,0 < Ymin < 100,0 < Ymin < 100,0 < Ymin < 100,0 < Ymin < 100,0 < Ymin < 100,0 < Ymin < 100,0 < Ymin < 100,0 < Ymin < 100,0 < Ymin < 100,0 < Ymin < 100,0 < Ymin < 100,0 < Ymin < 100,0 < Ymin < 100,0 < Ymin < 100,0 < Ymin < 100,0 < Ymin < 100,0 < Ymin < 100,0 < Ymin < 100,0 < Ymin < 100,0 < Ymin < 100,0 < Ymin < 100,0 < Ymin < 100,0 < Ymin < 100,0 < Ymin < 100,0 < Ymin < 100,0 < Ymin < 100,0 < Ymin < 100,0 < Ymin < 100,0 < Ymin < 100,0 < Ymin < 100,0 < Ymin < 100,0 < Ymin < 100,0 < Ymin < 100,0 < Ymin < 100,0 < Ymin < 100,0 < Ymin < 100,0 < Ymin < 100,0 < Ymin < 100,0 < Ymin < 100,0 < Ymin < 100,0 < Ymin < 100,0 < Ymin < 100,0 < Ymin < 100,0 < Ymin < 100,0 < Ymin < 100,0 < Ymin < 100,0 < Ymin < 100,0 < Ymin < 100,0 < Ymin < 100,0 < Ymin < 100,0 < Ymin < 100,0 < Ymin < 100,0 < Ymin < 100,0 < Ymin < 100,0 < Ymin < 100,0 < Ymin < 100,0 < Ymin < 100,0 < Ymin < 100,0 < Ymin < 100,0 < Ymin < 100,0 < Ymin < 100,0 < Ymin < 100,0 < Ymin < 100,0 < Ymin < 100,0 < Ymin < 100,0 < Ymin < 100,0 < Ymin < 100,0 < Ymin < 100,0 < Ymin < 100,0 < Ymin < 100,0 < Ymin < 100,0 < Ymin < 100,0 < Ymin < 100,0 < Ymin < 100,0 < Ymin < 100,0 < Ymin < 100,0 < Ymin < 100,0 < Ymin < 100,0 < Ymin < 100,0 < Ymin < 100,0 < Ymin < 100,0 < Ymin < 100,0 < Ymin < 100,0 < Ymin < 100,0 < Ymin < 100,0 < Ymin < 100,0 < Ymin < 100,0 < Ymin < 100,0 < Ymin < 100,0 < Ymin < 100,0 < Ymin < 100,0 < Ymin < 100,0 < Ymin < 100,0 < Ymin < 100,0 < Ymin < 100,0 < Ymin < 100,0 < Ymin < 100,0 < Ymin < 100,0 < Ymin < 100,0 < Ymin < 100,0 < Ymin < 100,0 < Ymin < 100,0 < Ymin < 100,0 < Ymin < 100,0 < Ymin < 100,0 < Ymin < 100,0 < Ymin < 100,0 < Ymin < 100,0 < Ymin < 100,0 < Ymin < 100,0 < Ymin < 100,0 < Ymin < 100,0 < Ymin < 100,0 < Ymin < 100,0 < Ymin < 100,0 < Ymin < 100,0 < Ymin < 100,0 < Ymin < 100,0 < Ymin < 100,0 < Ymin < 100,0 < Ymin < 100,0 < Ymin < 100,0 < Ymin < 100,0 < Ymin < 100,0 < Ymin < 100,0 < Ymin < 100,0 < Ymin < 100,0 < Ymin < 100,0 < Ymin < 100,0 < Ymin < 100,0 < Ymin < 100,0 < Ymin < 100,0 < Ymin < 100,0 < Ymin < 100,0 < Ymin < 100,0 < Ymin < 100,0 < Ymin < 100,0 < Ymin < 100,0 < Ymin < 100,0 < Ymin < 100,0 < Ymin < 100,0 < Ymin < 100,0 < Ymin < 100,0 < Ymin < 100,0 < Ymin < 100,0 < Ymin < 100,0 < Ymin < 100,0 < Ymin < 100,0 < Ymin < 100,0 < Ymin < 100,0 < Ymin < 100,0 < Ymin < 100,0 < Ymin < 100,0 < Ymin < 100,0 < Ymin < 100,0 < Ymin < 100,0 < Ymin < 100,0 < Ymin < 100,0 < Ymin < 100,0 < Ymin < 100,0 < Ymin < 100,0 < Ymin < 100,0 < Ymin < 100,0 < Ymin < 100,0 < Ymin < 100,0 < Ymin < 100,0 < Ymin < 100,0 < Ymin < 100,0 < Ymin < 100,0 < Ymin < 100,0 < Ymin < 100,0 < Ymin < 100,0 < Ymin < 100,0 < Ymin < 100,0 < Ymin < 100,0 < Ymin < 100,0 < Ymin < 100,0 < Ymin < 100,0 < Ymin < 100,0 < Ymin < 100,0 < Ymin < 100,0 < Ymin < 100,0 < Ymin < 100,0 < Ymin < 100,0 < Ymin < 100,0 < Ymin < 100,0 < Ymin < 100,0 < Ymin < 100,0 < Ymin < 100,0 < Ymin < 100,0 < Ymin < 100,0 < Ymin < 100,0 < Ymin < 100,0 < Ymin < 100,0 < Ymin < 100,0 < Ymin < 100,0 < Ymin < 100,0 < Ymin < 100,0 < Ymin < 100,0 < Ymin < 100,0 < Ymin < 100,0 < Ymin < 100,0 < Ymin < 100,0 < Ymin < 100,0 < Ymin < 100,0 < Ymin < 100,0 < Ymin < 100,0 < Ymin < 100,0 < Ymin < 100,0 < Ymin < 100,0 < Ymin < 100,0 < Ymin < 100,0 < Ymin < 100,0 < Ymin < 100,0 < Ymin < 100,0 < Ymin < 100,0 < Ymin < 100,0 < Ymin < 100,0 < Ymin < 100,0 < Ymin < 100,0 < Ymin < 100,0 < Ymin < 100,0 < Ymin < 100,0 < Ymin < 100,0 < Ymin < 100,0 < Ymin < 100,0 < Ymin < 100,0 < Ymin < 100,0 < Ymin < 100,0 < Ymin < 100,0 < Ymin < 100,0 < Ymin < 100,0 < Ymin < 100,0 < Ymin < 100,0 < Ymin < 100,0 < Ymin < 100,0 < Ymin < 100,0 < Ymin < 100,0 < Ymin < 100,0 < Ymin < 100,0 < Ymin < 100,0 < Ymin < 100,0 < Ymin < 100,0 < Ymin < 100,0 < Ymin < 100,0 < Ymin < 100,0 < Ymin < 100,0 < Ymin < 100,0 < Ymin < 100,0 < Ymin < 100,0 < Ymin < 100,0 < Ymin < 100,0 < Ymin < 100,0 < Ymin < 100,0 < Ymin < 100,0 < Ymin < 100,0 < Ymin < 100,0 < Ymin < 100,0 < Ymin < 100,0 < Ymin < 100,0 < Ymin < 100,0 < Ymin < 100,0 < Ymin < 100,0 < Ymin < 100,0 < Ymin < 100,0 < Ymin < 100,0 < Ymin < 100,0 < Ymin < 100,0 < Ymin < 100,0 < Ymin < 100,0 < Ymin < 100,0 < Ymin < 100,0 < Ymin < 100,0 < Ymin < 100,0 < Ymin < 100,0 < Ymin < 100,0 < Ymin < 100,0 < Ymin < 100,0 < Ymin < 100,0 < Ymin < 100,0 < Ymin < 100,0 < Ymin < 100,0 < Ymin < 100,0 < Ymin < 100,0 < Ymin < 100,0 < Ymin < 100,0 < Ymin < 100,0 < Ymin < 100,0 < Ymin < 100,0 < Ymin < 100,0 < Ymin < 100,0 < Ymin < 100,0 < Ymin < 100,0 < Ymin < 100,0 < Ymin < 100,0 < Ymin < 100,0 < Ymin < 100,0 < Ymin < 100,0 < Ymin < 100,0 < Ymin < 100,0 < Ymin < 100,0 < Ymin < 100,0 < Ymin < 100,0 < Ymin < 100,0 < Ymin < 100,0 < Ymin < 100,0 < Ymin < 100,0 < Ymin < 100,0 < Ymin < 100,0 < Ymin < 100,0 < Ymin < 100,0 < Ymin < 100,0 < Ymin < 100,0 < Ymin < 100,0 < Ymin < 100,0 < Ymin < 100,0 < Ymin < 100,0 < Ymin < 100,0 < Ymin < 100,0 < Ymin < 100,0 < Ymin < 100,0 < Ymin < 100,0 < Ymin < 100,0 < Ymin < 100,0 < Ymin < 100,0 < Ymin < 100,0 < Ymin < 100,0 < Ymin < 100,0 < Ymin < 100,0 < Ymin < 100,0 < Ymin < 100,0 < Ymin < 100,0 < Ymin < 100,0 < Ymin < 100,0 < Ymin < 100,0 < Ymin < 100,0 < Ymin < 100,0 < Ymin < 100,0 < Ymin < 100,0 < Ymin < 100,0 < Ymin < 100,0 < Ymin < 100,0 < Ymin < 100,0 < Ymin < 100,0 < Ymin < 100,0 < Ymin < 100,0 < Ymin < 100,0 < Ymin < 100,0 < Ymin < 100,0 < Ymin < 100,0 < Ymin < 100
     K,K > 0,K > 0,K > 0,K > 0,K > 0,K > 0,K > 0,K > 0,K > 0,K > 0,K > 0,K > 0,K > 0,K > 0,K > 0,K > 0,K > 0,K > 0,K > 0,K > 0,K > 0,K > 0,K > 0,K > 0,K > 0,K > 0,K > 0,K > 0,K > 0,K > 0,K > 0,K > 0,K > 0,K > 0,K > 0,K > 0,K > 0,K > 0,K > 0,K > 0,K > 0,K > 0,K > 0,K > 0,K > 0,K > 0,K > 0,K > 0,K > 0,K > 0,K > 0,K > 0,K > 0,K > 0,K > 0,K > 0,K > 0,K > 0,K > 0,K > 0,K > 0,K > 0,K > 0,K > 0,K > 0,K > 0,K > 0,K > 0,K > 0,K > 0,K > 0,K > 0,K > 0,K > 0,K > 0,K > 0,K > 0,K > 0,K > 0,K > 0,K > 0,K > 0,K > 0,K > 0,K > 0,K > 0,K > 0,K > 0,K > 0,K > 0,K > 0,K > 0,K > 0,K > 0,K > 0,K > 0,K > 0,K > 0,K > 0,K > 0,K > 0,K > 0,K > 0,K > 0,K > 0,K > 0,K > 0,K > 0,K > 0,K > 0,K > 0,K > 0,K > 0,K > 0,K > 0,K > 0,K > 0,K > 0,K > 0,K > 0,K > 0,K > 0,K > 0,K > 0,K > 0,K > 0,K > 0,K > 0,K > 0,K > 0,K > 0,K > 0,K > 0,K > 0,K > 0,K > 0,K > 0,K > 0,K > 0,K > 0,K > 0,K > 0,K > 0,K > 0,K > 0,K > 0,K > 0,K > 0,K > 0,K > 0,K > 0,K > 0,K > 0,K > 0,K > 0,K > 0,K > 0,K > 0,K > 0,K > 0,K > 0,K > 0,K > 0,K > 0,K > 0,K > 0,K > 0,K > 0,K > 0,K > 0,K > 0,K > 0,K > 0,K > 0,K > 0,K > 0,K > 0,K > 0,K > 0,K > 0,K > 0,K > 0,K > 0,K > 0,K > 0,K > 0,K > 0,K > 0,K > 0,K > 0,K > 0,K > 0,K > 0,K > 0,K > 0,K > 0,K > 0,K > 0,K > 0,K > 0,K > 0,K > 0,K > 0,K > 0,K > 0,K > 0,K > 0,K > 0,K > 0,K > 0,K > 0,K > 0,K > 0,K > 0,K > 0,K > 0,K > 0,K > 0,K > 0,K > 0,K > 0,K > 0,K > 0,K > 0,K > 0,K > 0,K > 0,K > 0,K > 0,K > 0,K > 0,K > 0,K > 0,K > 0,K > 0,K > 0,K > 0,K > 0,K > 0,K > 0,K > 0,K > 0,K > 0,K > 0,K > 0,K > 0,K > 0,K > 0,K > 0,K > 0,K > 0,K > 0,K > 0,K > 0,K > 0,K > 0,K > 0,K > 0,K > 0,K > 0,K > 0,K > 0,K > 0,K > 0,K > 0,K > 0,K > 0,K > 0,K > 0,K > 0,K > 0,K > 0,K > 0,K > 0,K > 0,K > 0,K > 0,K > 0,K > 0,K > 0,K > 0,K > 0,K > 0,K > 0,K > 0,K > 0,K > 0,K > 0,K > 0,K > 0,K > 0,K > 0,K > 0,K > 0,K > 0,K > 0,K > 0,K > 0,K > 0,K > 0,K > 0,K > 0,K > 0,K > 0,K > 0,K > 0,K > 0,K > 0,K > 0,K > 0,K > 0,K > 0,K > 0,K > 0,K > 0,K > 0,K > 0,K > 0,K > 0,K > 0,K > 0,K > 0,K > 0,K > 0,K > 0,K > 0,K > 0,K > 0,K > 0,K > 0,K > 0,K > 0,K > 0,K > 0,K > 0,K > 0,K > 0,K > 0,K > 0,K > 0,K > 0,K > 0,K > 0,K > 0,K > 0,K > 0,K > 0,K > 0,K > 0,K > 0,K > 0,K > 0,K > 0,K > 0,K > 0,K > 0,K > 0,K > 0,K > 0,K > 0,K > 0,K > 0,K > 0,K > 0,K > 0,K > 0,K > 0,K > 0,K > 0,K > 0,K > 0,K > 0,K > 0,K > 0,K > 0,K > 0,K > 0,K > 0,K > 0,K > 0,K > 0,K > 0,K > 0,K > 0,K > 0,K > 0,K > 0,K > 0,K > 0,K > 0,K > 0,K > 0,K > 0,K > 0,K > 0,K > 0,K > 0,K > 0,K > 0,K > 0,K > 0,K > 0,K > 0,K > 0,K > 0,K > 0,K > 0,K > 0,K > 0,K > 0,K > 0,K > 0,K > 0,K > 0,K > 0,K > 0,K > 0,K > 0,K > 0,K > 0,K > 0,K > 0,K > 0,K > 0,K > 0,K > 0,K > 0,K > 0,K > 0,K > 0,K > 0,K > 0,K > 0,K > 0,K > 0,K > 0,K > 0,K > 0,K > 0,K > 0,K > 0,K > 0,K > 0,K > 0,K > 0,K > 0,K > 0,K > 0,K > 0,K > 0,K > 0,K > 0,K > 0,K > 0,K > 0,K > 0,K > 0,K > 0,K > 0,K > 0,K > 0,K > 0,K > 0,K > 0,K > 0,K > 0,K > 0,K > 0,K > 0,K > 0,K > 0,K > 0,K > 0,K > 0,K > 0,K > 0,K > 0,K > 0,K > 0,K > 0,K > 0,K > 0,K > 0,K > 0,K > 0,K > 0,K > 0,K > 0,K > 0,K > 0,K > 0,K > 0,K > 0,K > 0,K > 0,K > 0,K > 0,K > 0,K > 0,K > 0,K > 0,K > 0,K > 0,K > 0,K > 0,K > 0,K > 0,K > 0,K > 0,K > 0,K > 0,K > 0,K > 0,K > 0,K > 0,K > 0,K > 0,K > 0,K > 0,K > 0,K > 0,K > 0,K > 0
,,,,,,,,,,,,,,,,,,,,,,,,,,,,,,,,,,,,,,,,,,,,,,,,,,,,,,,,,,,,,,,,,,,,,,,,,,,,,,,,,,,,,,,,,,,,,,,,,,,,,,,,,,,,,,,,,,,,,,,,,,,,,,,,,,,,,,,,,,,,,,,,,,,,,,,,,,,,,,,,,,,,,,,,,,,,,,,,,,,,,,,,,,,,,,,,,,,,,,,,,,,,,,,,,,,,,,,,,,,,,,,,,,,,,,,,,,,,,,,,,,,,,,,,,,,,,,,,,,,,,,,,,,,,,,,,,,,,,,,,,,,,,,,,,,,,,,,,,,,,,,,,,,,,,,,,,,,,,,,,,,,,,,,,,,,,,,,,,,,,,,,,,,,,,,,,,,,,,,,,,,,,,,,,,,,,,,,,,,,,,,,,,,,,,,,,,,,,,,,,,,,,,,,,,,,,,,,,,,,,,,,,,,,,,,,,,,,,,,,,,,,,,,,,,,,,,,,,,,,,,,,,,,,,,,,,,,,,,,,,,,,,,,,,,,,,,,,,,,,,,,,,,,,,,,,,,,,,,,,,,,,
Number of points,,,,,,,,,,,,,,,,,,,,,,,,,,,,,,,,,,,,,,,,,,,,,,,,,,,,,,,,,,,,,,,,,,,,,,,,,,,,,,,,,,,,,,,,,,,,,,,,,,,,,,,,,,,,,,,,,,,,,,,,,,,,,,,,,,,,,,,,,,,,,,,,,,,,,,,,,,,,,,,,,,,,,,,,,,,,,,,,,,,,,,,,,,,,,,,,,,,,,,,,,,,,,,,,,,,,,,,,,,,,,,,,,,,,,,,,,,,,,,,,,,,,,,,,,,,,,,,,,,,,,,,,,,,,,,,,,,,,,,,,,,,,,,,,,,,,,,,,,,,,,,,,,,,,,,,,,,,,,,,,,,,,,,,,,,,,,,,,,,,,,,,,,,,,,,,,,,,,,,,,,,,,,,,,,,,,,,,,,,,,,,,,,,,,,,,,,,,,,,,,,,,,,,,,,,,,,,,,,,,,,,,,,,,,,,,,,,,,,,,,,,,,,,,,,,,,,,,,,,,,,,,,,,,,,,,,,,,,,,,,,,,,,,,,,,,,,,,,,,,,,,,,,,,,,,,,,,,,,,,,,,,
     # of X values,12,12,12,12,12,12,12,12,12,12,12,12,12,12,12,12,12,12,12,12,12,12,12,12,12,12,12,12,12,12,12,12,12,12,12,12,12,12,12,12,12,12,12,12,12,12,12,12,12,12,12,12,12,12,12,12,12,12,12,12,12,12,12,12,12,12,12,12,12,12,12,12,12,12,12,12,12,12,12,12,12,12,12,12,12,12,12,12,12,12,12,12,12,12,12,12,12,12,12,12,12,12,12,12,12,12,12,12,12,12,12,12,12,12,12,12,12,12,12,12,12,12,12,12,12,12,12,12,12,12,12,12,12,12,12,12,12,12,12,12,12,12,12,12,12,12,12,12,12,12,12,12,12,12,12,12,12,12,12,12,12,12,12,12,12,12,12,12,12,12,12,12,12,12,12,12,12,12,12,12,12,12,12,12,12,12,12,12,12,12,12,12,12,12,12,12,12,12,12,12,12,12,12,12,12,12,12,12,12,12,12,12,12,12,12,12,12,12,12,12,12,12,12,12,12,12,12,12,12,12,12,12,12,12,12,12,12,12,12,12,12,12,12,12,12,12,12,12,12,12,12,12,12,12,12,12,,,,,,,,,,,,,,,,,,,,,,,,,,,,,,,,,,,,,,,,,,,,,,,,,,,,,,,,,,,,,,,,,,,,,,,,,,,,,,,,,,,,,,,,,,,,,,,,,,,,,,,,,,,,,,,,,,,,,,,,,,,,,,,,,,,,,,,,,,,,,,,,,,,,,,,,,,,,,,,,,,,,,,,,,,,,,,,,,,,,,,,,,,,,,,,,,,,,,,,,,,,,,,,,,,,,,,,,,,,,,,,,,,,,,,,,,,,,,,,,,,,,,,,,,,,,,,,,,12,12,12,12,12,12,12,12,12,12,12
     # Y values analyzed,12,12,12,12,12,12,12,12,12,12,12,12,12,12,12,12,12,12,12,12,12,12,12,12,12,12,12,12,12,12,12,12,12,12,12,12,12,12,12,12,12,12,12,12,12,12,12,12,12,12,12,12,12,12,12,12,12,12,12,12,12,12,12,12,12,12,12,12,12,12,12,12,12,12,12,12,12,12,12,12,12,12,12,12,12,12,12,12,12,12,12,12,12,12,12,12,12,12,12,12,12,12,12,12,12,12,12,12,12,12,12,12,12,12,12,12,12,12,12,12,12,12,12,12,12,12,12,12,12,12,12,12,12,12,12,12,12,12,12,12,12,12,12,12,12,12,12,12,12,12,12,12,12,12,12,12,12,12,12,12,12,12,12,12,12,12,12,12,12,12,12,12,12,12,12,12,12,12,12,12,12,12,12,12,12,12,12,12,12,12,12,12,12,12,12,12,12,12,12,12,12,12,12,12,12,12,12,12,12,12,12,12,12,12,12,12,12,12,12,12,12,12,12,12,12,12,12,12,12,12,12,12,12,12,12,12,12,12,12,12,12,12,12,12,12,12,12,12,12,12,12,12,12,12,12,12,,,,,,,,,,,,,,,,,,,,,,,,,,,,,,,,,,,,,,,,,,,,,,,,,,,,,,,,,,,,,,,,,,,,,,,,,,,,,,,,,,,,,,,,,,,,,,,,,,,,,,,,,,,,,,,,,,,,,,,,,,,,,,,,,,,,,,,,,,,,,,,,,,,,,,,,,,,,,,,,,,,,,,,,,,,,,,,,,,,,,,,,,,,,,,,,,,,,,,,,,,,,,,,,,,,,,,,,,,,,,,,,,,,,,,,,,,,,,,,,,,,,,,,,,,,,,,,,,12,12,12,12,12,12,12,12,12,12,12
