,K,K_SD,Ymin,Ymin_SD,Ymax,Ymax_SD,Amp,Amp_SD
WT,1.66556E-05,3.79826E-06,35.73615623,0.88146658,56.26833753,0.546202174,20.5321813,1.036976444
A8C,1.52382E-05,8.97287E-06,26.91622509,1.289407358,38.59888308,0.827338072,11.68265798,1.532011626
A8G,3.41663E-05,1.61119E-05,26.79726638,0.869764161,37.26702449,0.664298742,10.46975811,1.094432508
A8T,3.64059E-05,2.32159E-05,27.54843261,0.879537155,35.29130918,0.659405466,7.742876579,1.099273022
C9A,2.82709E-05,8.57812E-06,31.42133819,1.238931876,54.4130742,0.89747817,22.99173601,1.529842887
C9G,3.24083E-05,6.13796E-06,27.92545606,0.942637018,56.31351315,0.697781786,28.38805709,1.17280176
C9T,4.66810E-05,1.19311E-05,27.77246006,0.91229624,48.42993645,0.736889793,20.6574764,1.172728014
A10C,4.78972E-05,1.39826E-05,28.98426688,1.082184515,50.35206538,0.866670002,21.36779851,1.386448779
A10G,1.61528E-05,4.39501E-06,32.33106221,1.126690473,54.76877292,0.713785454,22.43771071,1.333762009
A10T,5.80925E-05,1.01161E-05,26.15146499,0.678336977,49.65214209,0.600534881,23.5006771,0.905970859
G11A,4.79711E-05,1.46601E-05,25.46653363,0.852094309,41.91104273,0.715476891,16.4445091,1.112641853
G11C,6.46068E-05,2.81513E-05,20.56831053,0.886656283,32.869723,0.812554643,12.30141246,1.202665545
G11T,3.44847E-05,2.12686E-05,25.15852986,1.583198655,39.51714029,1.203483232,14.35861043,1.988690492
C12A,9.63884E-05,5.75292E-05,21.47537299,1.079324583,32.84631152,1.097594445,11.37093853,1.539368416
C12G,3.50988E-05,8.55118E-06,26.08275881,0.777892409,44.34794419,0.618696893,18.26518537,0.993932817
C12T,2.05362E-05,4.54038E-06,32.14271993,0.887479294,53.90653568,0.58610221,21.76381575,1.063548446
A13C,2.86515E-05,1.3101E-05,24.73429921,0.873207769,35.34847937,0.639489139,10.61418017,1.082329972
A13G,2.05249E-05,4.26818E-06,31.93064895,0.833455552,53.87502384,0.55807583,21.94437489,1.003043762
A13T,4.54841E-05,2.01654E-05,25.66739759,1.128084916,40.41327161,0.914129064,14.74587402,1.451966778
A14C,3.08754E-05,6.54054E-06,27.75773552,0.67004467,45.694798,0.508329961,17.93706248,0.841046496
A14G,1.39056E-05,4.2179E-06,34.55161565,1.009101614,52.17344766,0.617533024,17.62183202,1.183060904
A14T,2.19059E-05,6.76462E-06,31.70105577,0.889523228,47.50753742,0.604103532,15.80648165,1.075263991
G15A,9.96484E-05,3.60018E-05,25.96389379,1.16251765,46.11774826,1.129507753,20.15385447,1.620874779
G15C,6.91263E-05,3.60174E-05,25.51199058,1.559612149,43.64801534,1.414320158,18.13602475,2.105395821
G15T,2.77953E-05,9.14087E-06,25.4988215,0.87644834,40.20298979,0.630787194,14.70416828,1.079839885
G16A,2.20997E-05,4.42145E-06,29.61002677,0.930962832,55.22523487,0.619171596,25.6152081,1.118063173
G16C,2.18283E-05,8.99403E-06,28.5197196,1.628324201,50.66878568,1.11334398,22.14906608,1.972555328
G16T,2.28357E-05,1.1481E-05,42.74831667,1.205934052,55.2109983,0.760150041,12.46268162,1.425519212
G17A,1.05088E-04,3.08016E-05,24.66018294,0.712799305,39.76673811,0.699054678,15.10655517,0.998378832
G17C,3.08597E-04,0.000107251,25.65856003,0.775004307,41.7177588,0.939833691,16.05919877,1.218162158
G17T,7.81684E-05,2.21701E-05,25.88032025,0.742578516,41.37846709,0.661717592,15.49814684,0.994632105
G18A,2.97192E-05,3.73201E-06,29.89649783,0.549885618,54.59845201,0.402099956,24.70195418,0.681218443
G18C,2.04425E-04,9.25272E-05,27.71596252,1.349301671,48.16138978,1.517842035,20.44542727,2.03087652
G18T,2.68109E-05,1.11336E-05,34.08581202,1.510507351,54.37053682,1.024327296,20.2847248,1.825069551
A19C,1.81087E-03,0.001479359,30.64982943,1.570948941,48.18662,3.011590152,17.53679057,3.396697782
A19G,2.94425E-03,0.001366897,29.49436328,0.85570449,48.01436154,1.917839829,18.51999826,2.100080899
A19T,2.14699E-03,0.000765155,29.6684583,0.797495047,51.08441336,1.623445698,21.41595506,1.808749371
G20A,2.05088E-03,0.000875847,26.14173888,0.995346408,48.79738738,2.041730472,22.6556485,2.271426379
G20C,1.97695E-05,1.89168E-05,25.28454557,2.336001465,38.82674126,1.639558327,13.54219569,2.853954161
G20T,6.60047E-05,4.22297E-05,28.91958819,1.900421948,45.9114836,1.594484712,16.99189541,2.480722692
A21C,3.56811E-05,3.16775E-05,25.68498507,1.509897289,35.54630661,1.182191246,9.861321532,1.917645943
A21G,9.49887E-05,3.56149E-05,25.99366953,1.275725428,47.43647133,1.250128915,21.4428018,1.78614044
A21T,3.20504E-05,2.68737E-05,26.0971769,1.55635975,36.71841678,1.18418828,10.62123989,1.955647605
G22A,1.16940E-04,5.20831E-05,24.86395624,1.114449687,40.72064674,1.13206143,15.8566905,1.588572059
G22C,2.03180E-04,0.000164616,25.60325126,1.213812038,35.70524634,1.331652099,10.10199508,1.801842662
G22T,2.43113E-05,1.31839E-05,27.10181618,1.648915525,43.49471375,1.11274723,16.39289757,1.989253329
A23C,1.67319E-05,3.09023E-06,34.30585675,0.776398802,56.29403846,0.474838035,21.98818171,0.910091347
A23G,3.20207E-05,7.13717E-06,31.577776,0.829499191,52.40131398,0.604399743,20.82353798,1.026337156
A23T,1.20195E-05,3.20388E-06,34.25242867,1.094094199,55.59487603,0.638025754,21.34244736,1.266538187
C24A,3.82549E-05,8.45342E-06,32.45716907,0.762825249,52.18172748,0.5858503,19.72455841,0.961833112
C24G,6.49394E-05,3.62816E-05,28.79854951,1.93737596,49.5095777,1.692060029,20.71102819,2.57225441
C24T,1.22611E-05,4.99224E-06,29.69701595,1.120203098,44.10183727,0.667960069,14.40482132,1.304233735
C25A,6.03691E-05,3.84505E-05,23.01542095,1.26500552,34.88636973,1.118769454,11.87094878,1.68875222
C25G,4.32458E-05,2.75072E-05,24.23528469,1.909972472,42.00977881,1.59135673,17.77449412,2.486043259
C25T,2.38448E-05,5.09571E-06,32.93230494,0.721337448,51.36458968,0.487073494,18.43228474,0.870383997
T26A,1.79940E-05,6.56948E-06,31.06403376,1.047368864,46.45501359,0.670217353,15.39097983,1.243451985
T26C,9.10957E-05,5.1421E-05,27.25625984,1.642693217,45.16939805,1.559963096,17.91313821,2.265375436
T26G,1.90099E-05,6.24478E-06,34.24032138,1.250632401,54.80417439,0.815667282,20.56385301,1.493115708
G27A,1.30326E-05,3.00373E-06,34.25735912,0.896698443,54.7724554,0.537964536,20.51509628,1.045693043
G27C,1.99098E-05,7.71152E-06,29.98972805,0.998953214,43.97481147,0.650316303,13.98508342,1.191981048
G27T,2.09597E-05,4.50761E-06,35.35093303,0.858861889,55.71037406,0.518844981,20.35944103,1.003416095
A28C,1.67331E-05,2.36739E-06,37.02134112,0.547494287,57.13839348,0.329156062,20.11705236,0.638822126
A28G,1.43102E-05,2.77012E-06,35.1648469,0.760771694,56.06072828,0.46309451,20.89588137,0.890634659
A28T,1.38907E-05,4.28008E-06,36.76460295,1.160699715,56.45304615,0.69028919,19.6884432,1.350452885
C29A,2.03376E-05,8.37423E-06,35.06894472,1.339067298,52.88207774,0.872935708,17.81313302,1.598473641
C29G,7.50119E-05,7.59258E-05,26.03105412,1.676663506,35.6818918,1.435367104,9.650837684,2.207142777
C29T,1.73735E-05,5.33002E-06,35.51921795,1.093453638,54.19977349,0.666536228,18.68055555,1.280590255
C30A,1.13587E-05,2.26824E-05,25.3236786,1.039203753,28.01080189,0.587114138,2.687123284,1.193585963
C30G,6.44104E-05,3.65942E-05,26.21433767,1.036716426,36.82018212,0.866887411,10.60584445,1.351397326
C30T,2.21708E-05,7.96524E-06,31.17276497,0.920406885,45.07675167,0.61154591,13.90398669,1.105050784
G31A,1.47167E-05,6.605E-06,41.99506719,1.386285858,57.79147188,0.794498779,15.79640469,1.597816257
G31C,2.05427E-05,6.47884E-06,37.43492931,1.185115653,57.46270173,0.754467587,20.02777242,1.404891615
G31T,1.00386E-05,5.69994E-06,44.88004699,1.781928979,60.56601608,0.936496047,15.68596909,2.013031478
A32C,1.70433E-05,1.66963E-05,27.74942737,1.651109393,36.77499446,1.051461416,9.025567094,1.957481376
A32G,1.49923E-05,5.01677E-06,34.54707442,1.31619799,55.24933478,0.803486736,20.70226036,1.542066174
A32T,1.80361E-05,6.69741E-06,33.43013297,1.081583365,49.09183141,0.690035741,15.66169844,1.282954364
A33C,1.48542E-05,4.15128E-06,35.57038459,1.110788404,56.45010737,0.667616574,20.87972278,1.295979463
A33G,1.96621E-05,4.19907E-06,36.54452287,0.798222873,56.44290559,0.513918122,19.89838272,0.949353248
A33T,1.97265E-05,6.4995E-06,35.69594646,1.274270026,56.34011377,0.810994841,20.6441673,1.510455802
A34C,2.20165E-05,6.73634E-06,37.01064305,1.062948877,55.72378157,0.706395341,18.71313852,1.276265918
A34G,1.55302E-05,4.66168E-06,35.33921356,1.148579633,55.41460598,0.699633231,20.07539242,1.344887293
A34T,2.48067E-05,8.002E-06,37.02456108,1.180179016,56.69030931,0.785920724,19.66574822,1.41791886
A35C,1.34087E-05,3.72909E-06,35.20267711,1.121613784,56.60757186,0.675419691,21.40489475,1.309278137
A35G,1.88165E-05,7.14462E-06,35.73184491,1.401041863,55.25558817,0.885704079,19.52374326,1.657525269
A35T,1.76672E-05,6.40272E-06,36.17017326,1.291754367,54.91974569,0.795779091,18.74957242,1.517199297
C36A,1.59012E-05,2.97566E-06,35.00076471,0.722089781,55.69558942,0.447669737,20.69482471,0.849600992
C36G,2.03099E-05,7.07765E-06,36.68952016,1.287062195,56.23417553,0.823141784,19.54465537,1.527773376
C36T,1.58397E-05,4.17425E-06,34.97581199,1.059674455,56.21803552,0.643657464,21.24222352,1.239840667
C37A,1.63726E-05,3.78882E-06,34.88927318,0.888165517,55.32119328,0.550240842,20.4319201,1.044798052
C37G,2.05137E-05,5.8923E-06,32.55123657,1.119008918,53.49803232,0.738775503,20.94679575,1.340884112
C37T,1.89996E-05,4.86619E-06,36.49388908,0.92569789,55.71481257,0.580836002,19.22092349,1.092834409
T38A,1.61785E-05,4.68215E-06,35.24487451,1.135830309,56.07936901,0.694797629,20.83449451,1.331485725
T38C,1.75338E-05,4.80585E-06,34.31573427,0.946030537,52.47580653,0.580102305,18.16007227,1.1097263
T38G,1.48547E-05,1.32536E-05,33.09833779,2.554827756,48.17387477,1.559983937,15.07553698,2.993441956
C39A,1.89942E-05,3.62094E-06,34.73383122,0.673817544,53.81758245,0.434442337,19.08375123,0.801729522
C39G,2.07705E-05,9.45953E-06,27.62221611,1.230078827,42.74220484,0.836822094,15.11998873,1.487738262
C39T,1.77946E-05,5.7955E-06,34.08069167,1.089621059,51.94623691,0.682688741,17.86554525,1.285821904
G40A,1.54503E-05,5.71296E-06,39.55248486,1.100582163,54.99082329,0.652245728,15.43833843,1.279337949
G40C,2.59024E-05,2.21815E-05,34.55844683,2.491537612,50.04044666,1.576841436,15.48199984,2.948590949
G40T,1.50418E-05,6.63215E-06,33.71825258,1.162809627,47.27060445,0.677487097,13.55235187,1.345776725
G41A,1.30162E-05,4.42452E-06,35.1552769,1.074500519,51.74950591,0.632957712,16.594229,1.247071301
G41C,1.47780E-05,1.08897E-05,34.50996534,1.707237256,46.49361259,1.00569938,11.98364724,1.981436421
G41T,1.40405E-05,5.09504E-06,35.26483236,1.306114949,53.89603897,0.763513163,18.63120661,1.512907337
G42A,1.66942E-05,4.21836E-06,36.59125117,0.96715685,56.68255281,0.588421326,20.09130163,1.132091882
G42C,2.21360E-05,9.98794E-06,33.25863928,1.420692606,50.14296288,0.90702137,16.8843236,1.685543012
G42T,1.77795E-05,5.1145E-06,36.99632452,1.108883691,56.66553594,0.616622369,19.66921142,1.268797141
A43C,1.37480E-05,6.41676E-06,33.57709882,1.631992043,52.05123983,0.99665783,18.47414101,1.912256484
A43G,1.97421E-05,4.9509E-06,35.96056295,0.903170179,55.24129834,0.575182908,19.28073539,1.070771567
A43T,2.04569E-05,6.415E-06,36.54255968,1.121432159,55.86375984,0.726392531,19.32120016,1.336134797
T44A,1.41006E-05,3.643E-06,36.57614029,0.985081107,56.38816417,0.580801664,19.81202388,1.143553829
T44C,1.77151E-05,4.66368E-06,36.37779155,0.979033941,56.40528494,0.601676456,20.02749339,1.149139685
T44G,5.14148E-05,3.99893E-05,40.31110683,2.114954258,55.3327596,1.598677868,15.02165276,2.651188873
A45C,2.00658E-05,6.05427E-06,35.94039454,1.241728754,57.81712993,0.750657613,21.87673539,1.450991782
A45G,1.95434E-05,9.97235E-06,32.43971251,1.467649368,47.91412794,0.95106813,15.47441544,1.74886399
A45T,1.68610E-05,4.91621E-06,35.20733717,1.047675809,54.0457057,0.631462828,18.83836854,1.223261993
C46A,2.25502E-05,8.37783E-06,35.78622178,1.269848624,54.70739155,0.863299806,18.92116977,1.535513621
C46G,1.65885E-05,6.9703E-06,30.81087823,1.130010718,45.02095371,0.704928728,14.21007549,1.331859127
C46T,1.72021E-05,5.06713E-06,35.6506404,1.090645015,55.00625908,0.66452477,19.35561868,1.277145144
A47C,1.82350E-05,6.65642E-06,33.24439238,1.112551473,49.4890158,0.705712485,16.24462343,1.317497966
A47G,2.18357E-05,4.09508E-06,34.96508301,0.684952531,54.69132626,0.451837111,19.72624325,0.820558801
A47T,2.28231E-05,6.63361E-06,31.99419579,1.068188689,52.12371929,0.738137575,20.1295235,1.298412167
G48A,6.75022E-05,4.71503E-05,23.77918439,1.28113673,34.73171472,1.133429507,10.95253032,1.710547797
G48C,1.15098E-05,2.31307E-05,21.60314367,1.828897641,26.38704227,1.047532482,4.783898599,2.10765056
G48T,3.40634E-05,2.57742E-05,22.82865196,1.450356083,33.74385403,1.101086199,10.91520206,1.820967761
G49A,6.08862E-05,2.98804E-05,25.45085828,1.380723037,42.28052287,1.199875358,16.8296646,1.829233988
G49C,1.05772E-01,0.529583293,33.17538748,1.727416402,51.53502881,51.77121401,18.35964133,51.80002478
G49T,2.01688E-05,6.46716E-06,29.6000433,1.109122867,48.22142361,0.715282313,18.62138031,1.31976601
C50A,3.61515E-05,1.16528E-05,30.61028016,1.261690913,53.0523263,0.960530582,22.44204614,1.58571213
C50G,4.77551E-05,1.639E-05,27.45385707,1.353146138,50.40455208,1.114757347,22.95069501,1.753193775
C50T,1.12234E-04,3.74712E-05,25.91959805,1.002171861,44.79612601,0.989789157,18.87652796,1.408556358
G51A,1.23933E-04,6.55729E-05,24.60135503,1.511403264,42.85688285,1.523587114,18.25552782,2.146079569
G51C,1.07852E-07,3.30189E-06,26.2417171,2.053783129,27.97999569,0.881032453,1.738278589,2.234780375
G51T,8.29306E-06,8.16603E-06,26.14563327,1.633498919,34.17326749,0.87570732,8.027634217,1.853424406
C52A,7.54497E-05,5.7719E-05,24.17000426,0.607518766,28.84956972,0.540390036,4.679565461,0.813080834
C52G,2.88158E-05,2.69844E-05,26.69468848,1.392932104,34.8648914,0.954010642,8.170202919,1.688311628
C52T,8.59474E-05,2.93266E-05,28.25311114,1.006213464,45.86840144,0.910084001,17.61529029,1.356730785
C53A,3.75213E-06,2.96003E-05,21.23808254,1.156529302,21.9003675,0.543530775,0.662284961,1.277883301
C53G,2.00000E-08,3.65733E-06,23.36185947,2.487749107,21.756013,1.007171145,-1.605846474,2.683894435
C53T,1.75536E-04,6.30953E-05,23.93957771,0.862538209,40.03522648,0.95443426,16.09564877,1.286435742
G54A,2.73028E-04,6.24184E-05,30.8201113,0.736595701,53.41300111,0.83988097,22.59288981,1.11712724
G54C,7.89090E-05,4.50383E-05,34.93909363,1.512424749,50.51133654,1.304426052,15.57224291,1.997237078
G54T,3.24528E-05,2.89494E-05,32.70727513,2.07171147,45.11949007,1.43647456,12.41221494,2.521001304
A55C,6.29794E-06,1.59507E-05,20.43879376,2.345486367,24.90020721,1.232272298,4.461413451,2.649490764
A55G,2.51040E-03,0.000977718,26.41979996,0.747729352,45.09461502,1.616738463,18.67481505,1.78127551
A55T,1.75817E-03,0.001479115,24.78447218,0.964769185,35.33643909,1.846835923,10.5519669,2.083646444
A56C,6.29135E-05,2.55321E-05,34.83919309,1.517286331,56.25395777,1.236070448,21.41476468,1.957045724
A56G,1.96277E-05,1.45494E-05,26.04364922,0.927069681,32.84281854,0.614784629,6.799169322,1.112393066
A56T,1.06817E-04,4.56309E-05,38.69106371,1.082613674,54.50919089,1.037276804,15.81812718,1.499331696
G57A,1.45197E-06,5.45471E-05,24.87517678,2.237658127,25.16641261,0.991597339,0.291235832,2.447525112
G57C,6.68159E-06,7.5507E-05,28.55232144,2.70051495,29.70417755,1.360498707,1.151856106,3.023861394
G57T,2.58211E-02,0.059401371,31.42898195,1.035464671,39.31566253,6.314568104,7.886680581,6.39890283
G58A,1.06927E-03,0.000218552,29.81608212,0.544162028,53.02352015,0.904214437,23.20743804,1.055327466
G58C,1.07742E-05,1.69559E-05,24.3761161,1.951407487,30.59257782,1.093888392,6.216461712,2.237092531
G58T,2.33569E-05,1.67526E-05,29.45506976,1.811660215,42.65013185,1.170044671,13.19506209,2.15664491
A59C,2.52078E-06,3.51888E-06,22.51966981,1.48198236,27.76481866,0.749757681,5.245148848,1.660845657
A59G,2.21611E-06,3.30347E-06,41.93458434,1.736241292,47.34632883,0.808497667,5.411744492,1.915255153
A59T,3.07593E-05,9.68135E-06,32.80195274,0.922607236,49.23757787,0.675067541,16.43562513,1.143206147
G60A,1.52374E-04,4.77324E-05,25.36516621,1.259516478,51.98527478,1.337465492,26.62010858,1.83717057
G60C,4.42905E-04,0.000130731,25.50378983,0.719971116,44.46054693,0.98181213,18.9567571,1.217502964
G60T,2.65957E-04,0.000142673,28.81543478,1.639852785,50.19955514,1.903199788,21.38412036,2.512227416
C61A,1.69085E-04,4.48092E-05,26.53276699,0.981031057,51.7875378,1.084555476,25.25477081,1.462423508
C61G,9.16503E-04,0.000589361,23.98966612,0.844754444,35.13686491,1.404384214,11.14719878,1.638873116
C61T,4.70141E-05,7.32152E-06,24.12719172,0.680746171,50.31038676,0.571800952,26.18319505,0.889028502
A62C,5.74226E-07,1.45335E-06,23.63546335,1.575478548,28.22271064,0.719038725,4.587247284,1.731805227
A62G,3.15597E-04,0.000194488,23.88927443,0.803243541,33.44032965,1.008690944,9.551055219,1.289440812
A62T,6.64203E-04,0.000666654,23.85461684,0.82652519,30.47063105,1.213449178,6.616014213,1.468197125
A63C,2.00000E-08,3.74658E-06,21.93106323,1.357877138,22.90762148,0.59485036,0.976558252,1.4824565
A63G,2.02426E-04,9.51513E-05,23.77952632,0.825237388,35.6603693,0.928607188,11.88084298,1.242307553
A63T,1.97691E-04,4.55369E-05,23.14856709,0.69402586,44.20720179,0.809116805,21.0586347,1.065993386
A64C,2.60721E-05,7.98917E-06,25.31945419,1.212384616,46.81977688,0.850389282,21.50032269,1.480891079
A64G,1.52901E-05,5.67378E-06,36.19429836,1.330539549,55.07159583,0.803776312,18.87729746,1.554474784
A64T,6.37619E-05,1.69288E-05,24.73198976,1.006010013,47.84668303,0.91261606,23.11469327,1.358279875
C65A,2.94281E-05,1.68582E-05,24.45962451,1.745449938,42.07875298,1.334532093,17.61912847,2.197173501
C65G,2.74869E-05,1.46816E-05,23.5048779,1.627311818,40.82003316,1.231170386,17.31515527,2.040569595
C65T,1.30938E-05,9.37809E-06,26.64529721,2.33543154,43.85859905,1.434504376,17.21330184,2.740810698
T66A,9.57817E-06,6.20248E-06,32.24947171,2.175661067,49.56588042,1.22845621,17.31640871,2.49852071
T66C,3.08391E-05,1.32347E-05,39.25130551,1.558230094,58.72384032,1.068560294,19.47253481,1.889418463
T66G,1.38791E-05,1.2059E-05,25.38097133,1.530029379,34.76486301,0.940147061,9.38389168,1.795791301
G67A,1.09864E-05,4.1816E-06,34.34795443,1.341984279,52.47987875,0.765673677,18.13192432,1.545049508
G67C,4.82786E-06,6.83996E-06,26.09609995,2.152498653,33.11940833,1.024921806,7.023308383,2.384054353
G67T,2.14280E-05,8.19179E-06,30.04803585,1.398848738,49.14711785,0.860005336,19.099082,1.642067894
C68A,2.15138E-05,7.4455E-06,46.38709075,1.000103994,61.42001728,0.612398309,15.03292654,1.172706138
C68G,2.97997E-05,1.09493E-05,47.2867697,1.016177534,62.09901774,0.673721275,14.81224804,1.21922809
C68T,1.83326E-05,3.19115E-06,38.4944998,0.669132249,58.60686374,0.410686149,20.11236395,0.785112145
G69A,1.23711E-05,5.47092E-06,34.94972228,1.421527321,51.73827284,0.849838037,16.78855056,1.656189788
G69C,2.30730E-05,9.94165E-06,36.2439871,1.411282638,53.55349838,0.896895689,17.30951129,1.672166427
G69T,2.15181E-05,4.36617E-06,35.73903569,0.782483666,56.30778314,0.507787136,20.56874745,0.932806766
G70A,2.03092E-05,6.33487E-06,38.19526816,1.115150975,57.24030906,0.71136404,19.0450409,1.322724648
G70C,1.77503E-05,8.27983E-06,33.47894224,1.383880698,49.56446237,0.896052572,16.08552013,1.648646717
G70T,1.68565E-05,4.15907E-06,37.23389098,0.89691299,55.86475542,0.533951675,18.63086444,1.043818616
A71C,2.00000E-08,3.46431E-06,21.70502182,2.760796106,23.78917726,1.178375827,2.084155437,3.001760272
A71G,6.84158E-06,3.43134E-06,34.87665071,1.379158117,48.19847598,0.714699907,13.32182527,1.553342547
A71T,9.66747E-06,1.15013E-05,24.41135365,0.908467563,28.28228766,0.51559887,3.87093401,1.044583892
G72A,6.78906E-05,1.16458E-05,23.43113449,0.715220667,49.1442305,0.655933329,25.71309602,0.970458209
G72C,4.29311E-05,1.50769E-05,22.38863256,1.128487801,41.28129744,0.935119845,18.89266489,1.465583107
G72T,8.04828E-05,2.24639E-05,27.36157613,1.056522587,49.67177915,0.948161933,22.31020301,1.419595375
T73A,6.15117E-05,8.36139E-06,25.44628724,0.546671037,49.7534437,0.476983389,24.30715646,0.725508357
T73C,2.38492E-05,6.50743E-06,29.98296393,1.133969609,53.00625842,0.779181026,23.02329449,1.375867053
T73G,1.59133E-05,1.1118E-05,23.60538056,2.311533558,41.39018124,1.459543242,17.78480069,2.733761852
G74A,1.18413E-04,1.7152E-05,23.36447894,0.542091707,47.42528465,0.55463829,24.06080572,0.775555963
G74C,4.83328E-05,1.50279E-05,24.12935734,0.819546754,39.83335622,0.693043178,15.70399888,1.073296664
G74T,4.45138E-05,1.21443E-05,29.7154566,1.117784952,52.62894945,0.859162225,22.91349285,1.409823722
A75C,2.00000E-08,1.14161E-05,24.37644121,2.604721041,24.96033167,1.081472766,0.583890466,2.820311161
A75G,8.05845E-05,8.12715E-05,24.02469118,0.833512771,28.885847,0.739284425,4.86115582,1.114129706
A75T,2.33665E-04,0.000146997,23.7632284,0.936759048,34.06563922,1.089325357,10.30241082,1.436714045
A76C,1.75428E-04,7.86008E-05,27.18431385,1.308937593,46.41619247,1.427975108,19.23187863,1.937119132
A76G,8.64036E-06,1.57973E-05,22.56261549,1.01603343,25.33364616,0.558306696,2.771030676,1.159323206
A76T,9.06766E-07,5.40232E-06,22.19603959,1.313914575,23.44280451,0.576202842,1.246764923,1.434705972
T77A,6.74528E-05,1.16197E-05,32.47183516,0.645530844,54.45920337,0.544273836,21.98736821,0.84436016
T77C,7.56502E-05,1.14597E-05,25.35065597,0.692255955,53.27828716,0.632799287,27.92763118,0.937898313
T77G,2.67622E-03,0.001758247,25.94440122,0.580054517,34.42478418,1.23084361,8.480382959,1.360676021
C78A,2.02250E-04,3.10539E-05,23.27724653,0.640479578,52.41357683,0.73631533,29.1363303,0.975896693
C78G,8.20674E-06,1.22778E-05,22.18406936,0.984615022,25.50830385,0.541926304,3.324234488,1.123899844
C78T,1.90474E-03,0.001191444,26.56909809,0.860028061,39.18312267,1.659037109,12.61402457,1.868703399
T79A,5.60493E-03,0.002380674,23.25641369,0.526058697,37.68275085,1.537130498,14.42633716,1.624656247
T79C,7.28205E-03,0.005340814,26.4594295,0.685423207,37.72384554,2.144180464,11.26441604,2.251069709
T79G,2.48486E-05,0.000137738,19.177491,1.553898623,20.69941108,1.021651689,1.521920076,1.85967016
C80A,1.69458E-03,0.000513037,35.65298692,0.555863791,52.18105687,1.005946986,16.52806995,1.149310182
C80G,7.26854E-05,0.000108112,25.47289061,1.648415543,31.88521363,1.393289021,6.412323024,2.158362365
C80T,7.15204E-05,3.63084E-05,34.69384008,1.221047745,48.66252858,1.045604901,13.9686885,1.607559394
T81A,5.64163E-02,0.066738297,53.10985711,0.43637342,42.81581669,5.506226121,-10.29404041,5.52349055
T81C,6.02819E-06,6.6696E-06,24.73889544,0.839809639,28.39824785,0.43209354,3.659352414,0.944449605
T81G,8.77152E-03,0.016346744,51.55361412,0.78837643,46.32468939,2.57531686,-5.228924732,2.6932869
C82A,2.00000E-08,3.30088E-06,26.57301887,1.927829101,28.0588616,0.847516803,1.48584273,2.105898805
C82G,4.43405E-07,1.3432E-06,23.84642154,1.611016442,28.51404172,0.72514853,4.667620178,1.76669589
C82T,9.77657E-06,1.72755E-05,27.16410026,1.530381409,31.49359289,0.856533241,4.329492624,1.753772063
A83C,2.10602E-02,0.021464722,26.87663733,0.714830136,38.44186841,4.009563591,11.56523108,4.072785571
A83G,7.68961E-06,1.51663E-05,31.79266228,1.226410717,34.85598689,0.654949728,3.063324615,1.390338949
A83T,3.56284E-06,7.78562E-06,36.64660539,1.178650609,39.1294598,0.55976935,2.482854404,1.304821437
G84A,4.97099E-03,0.003952017,22.89807564,0.465325304,29.33511701,1.242203106,6.437041372,1.326497718
G84C,2.00000E-08,5.96414E-06,23.96410034,1.501405754,23.33943725,0.615283243,-0.624663091,1.622588274
G84T,2.37848E-05,2.22701E-05,22.7639991,0.842480131,27.63709747,0.570241185,4.873098369,1.017323833
G85A,1.69705E-05,1.7917E-05,24.14408616,0.927546126,28.76657692,0.579173677,4.62249076,1.093519074
G85C,7.71430E-07,3.63501E-06,22.96683202,1.596533169,25.01204441,0.686833327,2.04521239,1.738004079
G85T,1.14595E-05,8.55473E-06,27.67885874,1.691192109,38.80526726,0.939115284,11.12640852,1.934442624
C86A,1.37382E-04,5.05101E-05,27.56783525,1.023721561,45.68492285,1.051740517,18.1170876,1.467707038
C86G,5.20248E-04,0.000331319,25.04504263,1.319166945,41.52824704,1.827599391,16.48320441,2.253956735
C86T,3.33015E-05,6.6837E-06,29.80668791,0.848624599,53.70342712,0.630123662,23.89673921,1.056986064
A87C,2.31655E-05,7.39355E-06,30.90461587,1.318412397,54.07468631,0.901522919,23.17007044,1.597170881
A87G,4.08887E-05,9.74417E-06,29.7021969,1.020137436,54.46697903,0.797195612,24.76478213,1.294681904
A87T,3.56600E-05,4.09073E-06,31.83334871,0.469785165,54.84230433,0.34849927,23.00895563,0.584935759
A88C,2.41069E-05,5.33451E-06,33.55966735,0.833351583,54.13137837,0.565842255,20.57171102,1.007299518
A88G,2.17653E-05,3.84651E-06,31.20279778,0.7611998,54.83343999,0.514008868,23.63064221,0.918493469
A88T,4.47262E-05,7.86275E-06,28.28483295,0.753941399,53.2976406,0.60848047,25.01280765,0.96885299
A89C,3.88359E-05,7.58476E-06,29.71384103,0.846626908,54.43614615,0.652412581,24.72230512,1.068840164
A89G,2.93028E-05,8.3426E-06,30.58017389,1.133253006,53.05620727,0.822086537,22.47603338,1.40003166
A89T,3.84520E-05,1.25059E-05,27.55731446,1.153177206,47.92703699,0.908828547,20.36972254,1.468259853
A90C,1.17937E-05,2.61011E-06,36.24593475,0.744528473,53.35426804,0.417767162,17.10833329,0.853728323
A90G,1.94737E-05,4.66722E-06,33.65779715,0.91817108,54.34363727,0.595319231,20.68584012,1.094277441
A90T,1.17341E-05,4.47209E-06,38.28666469,1.230322109,54.8203526,0.694662508,16.5336879,1.412886582
G91A,3.25245E-05,5.63083E-06,30.29364968,0.772403786,55.46461917,0.56256878,25.17096949,0.955558079
G91C,5.46666E-05,2.80358E-05,28.21989954,2.256588394,53.72786372,1.847238078,25.50796417,2.916244108
G91T,5.84088E-05,1.1513E-05,31.57390387,0.822437045,55.14704887,0.66162108,23.573145,1.055530741
A92C,2.90146E-05,8.59431E-06,27.44576235,1.418654017,53.9755981,1.007787844,26.52983575,1.740176876
A92G,1.24642E-05,5.93745E-06,43.33047063,1.204674471,56.15656184,0.682278915,12.82609121,1.384465637
A92T,4.47066E-05,9.82193E-06,31.87872608,0.865953544,54.31413726,0.668792124,22.43541119,1.09414736
A93C,3.13060E-03,0.005057207,24.84573884,0.733712273,29.35302034,1.612200338,4.507281499,1.771305629
A93G,1.77162E-04,5.5511E-05,25.12506526,1.147030039,49.94880753,1.272728249,24.82374227,1.713334499
A93T,1.83386E-03,0.000457432,23.92009896,0.623526169,48.14985387,1.311330106,24.2297549,1.452023254
C94A,5.65022E-04,0.000241613,22.08805086,0.505737365,31.44273443,0.713474659,9.35468357,0.874537804
C94G,1.83071E-04,7.01451E-05,20.18454423,0.622821222,31.13409853,0.697747681,10.9495543,0.935285038
C94T,2.16703E-05,5.82323E-06,27.67754291,0.688322,41.80906268,0.470915078,14.13151977,0.833995316
T95A,4.39467E-05,1.0359E-05,23.15036137,0.957900179,47.68841041,0.814816188,24.53804905,1.257576309
T95C,1.92431E-05,5.30372E-06,32.14394285,1.193569653,55.18398318,0.740239464,23.04004033,1.404479612
T95G,3.86136E-05,9.54351E-06,25.72262349,1.022030453,49.9906342,0.816045077,24.26801071,1.307851603
C96A,2.48351E-04,0.00013767,23.4739456,1.141250744,38.14408248,1.371212308,14.67013687,1.784005733
C96G,2.10792E-03,0.00183517,25.4814324,1.272231253,39.18655813,2.565171014,13.70512573,2.863332794
C96T,4.82224E-05,1.2413E-05,24.04759127,0.709994865,40.35805093,0.596981314,16.31045966,0.927620288
T97A,7.18565E-05,2.23974E-05,21.47167575,0.989060589,41.06417948,0.921580583,19.59250373,1.351869675
T97C,8.57263E-05,3.89836E-05,24.99239615,1.629581744,47.40097137,1.563180157,22.40857522,2.258111792
T97G,2.53542E-05,1.03702E-05,29.22531163,1.428944958,48.76364561,1.017456532,19.53833398,1.754166893
T98A,8.40010E-05,3.32106E-05,26.89837689,1.268297361,46.63257446,1.181153958,19.73419757,1.733119404
T98C,8.65850E-05,4.85035E-05,24.01102339,1.050631579,35.3926047,0.96850467,11.38158131,1.428925474
T98G,6.21712E-05,2.34649E-05,26.64058904,1.325407591,47.51733313,1.170563003,20.87674408,1.768310784
G99A,8.92354E-04,0.000699421,24.37792058,1.1139802,36.44291129,1.799791964,12.06499071,2.116649003
G99C,5.28688E+00,1952.292137,28.46815685,0.597060175,100,25937.41872,71.53184315,25937.41873
G99T,3.16988E-05,1.79686E-05,31.77435034,1.769021098,48.31575703,1.219085627,16.54140669,2.148396009
C100A,5.18585E-05,1.58158E-05,26.09302865,0.986270293,45.10207484,0.831024523,19.00904619,1.289701845
C100G,1.33068E-04,2.24214E-05,20.00958674,0.76722937,50.89258881,0.878252239,30.88300207,1.166176617
C100T,1.94506E-05,4.65673E-06,34.30596597,0.808565546,52.4250852,0.520764991,18.11911923,0.961755904
T101A,4.98262E-05,1.1594E-05,24.35079416,0.742794841,43.27570023,0.621938804,18.92490606,0.968788961
T101C,3.18842E-05,1.03E-05,33.09785368,0.982542858,50.02659974,0.713519931,16.92874606,1.214290393
T101G,1.52807E-04,4.33074E-05,21.35254952,1.045995169,46.30190139,1.144874606,24.94935187,1.550755866
C102A,3.12500E-05,7.68889E-06,29.75445164,0.744437449,46.91922704,0.545726076,17.1647754,0.923040663
C102G,5.25110E-05,9.76702E-06,27.87819319,0.764765827,50.20675289,0.598910572,22.3285597,0.971370498
C102T,2.31245E-05,4.86084E-06,29.27490025,0.917213912,52.67124348,0.602908226,23.39634323,1.097624567
G103A,9.07720E-05,2.17329E-05,21.84878546,1.175164898,53.45390295,1.166076536,31.6051175,1.655520167
G103C,2.04987E-04,5.52597E-05,22.97383859,1.106149499,51.97784571,1.284500353,29.00400713,1.695142434
G103T,4.74576E-05,7.77174E-06,28.50312762,0.79642967,55.85471443,0.61861049,27.35158681,1.008453845
A104C,1.74038E-04,0.000170612,27.70210115,1.573268085,37.97463577,1.687508866,10.27253462,2.307132125
A104G,1.59267E-04,6.08501E-05,21.24161843,0.744777086,33.76687494,0.784582932,12.52525651,1.081787079
A104T,7.20918E-04,0.000754595,23.28517455,0.940588973,30.44018292,1.380036895,7.155008374,1.670092646
C105A,1.99356E-04,4.28319E-05,23.41411388,0.823955099,50.112498,0.964297079,26.69838411,1.268373314
C105G,1.26871E-04,3.0714E-05,28.24986954,0.821083053,48.96075796,0.784119256,20.71088842,1.135350337
C105T,7.40968E-05,1.91809E-05,25.1803314,0.860292778,45.58067797,0.791946268,20.40034657,1.16930858
G106A,3.33688E-04,0.000133773,27.177213,0.869281229,42.99932497,1.069241425,15.82211197,1.378015631
G106C,5.96401E-05,3.50731E-05,26.42685311,1.054619851,36.79140241,0.875851692,10.3645493,1.370889936
G106T,2.17783E-05,1.11596E-05,28.0799342,1.315298489,42.10341181,0.862290979,14.02347761,1.572754223
C107A,9.05365E-05,1.94951E-05,29.90708727,0.419380534,41.80462778,0.391265064,11.89754051,0.573557655
C107G,4.83499E-05,5.33199E-05,31.51286448,1.346944219,38.31573641,1.080932717,6.802871931,1.727042057
C107T,1.75728E-05,1.51317E-05,30.4422765,0.980373919,36.48439897,0.616940915,6.042122469,1.158338946
A108C,1.87529E-05,1.26436E-05,30.32908723,1.273413847,40.50292753,0.831668918,10.17384031,1.520939188
A108G,3.67595E-05,7.70052E-06,30.80111007,0.902488911,55.12030129,0.674467443,24.31919122,1.126673229
A108T,2.36244E-05,6.01768E-06,28.86946434,1.26919666,56.59899272,0.872766887,27.72952838,1.540318864
A109C,2.12756E-06,4.77938E-06,26.80371394,2.33806507,31.49444917,1.043819267,4.690735233,2.560489589
A109G,4.16377E-05,7.37164E-06,31.47407022,0.564107328,49.66512541,0.436530717,18.19105519,0.713285458
A109T,2.08150E-05,1.04263E-05,30.75386921,1.113252772,42.7789008,0.739526007,12.0250316,1.336499326
C110A,2.61096E-04,3.8567E-05,17.45677773,0.675429323,52.65707849,0.908019017,35.20030076,1.131681627
C110G,2.48490E-04,3.919E-05,17.94846996,0.358704521,34.44498662,0.455580062,16.49651666,0.57984664
C110T,1.85752E-04,3.94834E-05,15.68947844,0.76719545,42.26127688,0.982332905,26.57179844,1.246421596
T111A,3.49063E-05,4.9748E-05,16.57189244,0.638317868,19.08554255,0.474785328,2.513650113,0.795531777
T111C,5.94114E-06,1.11289E-05,20.0615416,1.116039333,22.91964891,0.570412796,2.858107302,1.253361301
T111G,1.18852E-03,0.000538963,27.39802494,0.623995283,16.83544655,0.838502817,-10.56257839,1.04520672
C112A,1.77435E-06,8.13014E-06,27.58399491,1.607183969,29.22008642,0.713093159,1.636091512,1.758278181
C112G,3.40370E-02,0.110860857,31.67198095,0.641063066,27.91592952,4.636607224,-3.756051428,4.680714519
C112T,5.29334E-06,2.08118E-05,22.11070217,1.449754665,23.82595664,0.707004213,1.715254467,1.61296111
T113A,1.92322E-02,0.030438644,28.20823329,0.688724458,21.76376333,3.240374526,-6.444469957,3.312758435
T113C,3.24349E-06,5.84602E-06,23.45387834,1.242649739,26.70433599,0.597535146,3.250457651,1.378849747
T113G,4.27771E-03,0.0034781,28.25514744,0.499064833,22.27317667,1.090646173,-5.981970764,1.199406012
G114A,1.77364E-06,1.39062E-05,22.10717325,1.859400979,23.22500158,0.820452985,1.117828323,2.032366872
G114C,8.95798E-06,2.15824E-05,23.13219256,1.893540526,27.06909486,1.034606013,3.936902302,2.157754696
G114T,1.13544E-06,2.06926E-06,22.68517869,1.649645763,27.50728698,0.745116887,4.822108293,1.810118869
G115A,2.92202E-05,9.99451E-06,22.83614451,0.998666692,39.65856415,0.755555838,16.82241964,1.252277839
G115C,4.80576E-06,7.26432E-06,24.75276188,1.783854462,30.2254919,0.894611573,5.47273002,1.995611838
G115T,1.97389E-05,6.94153E-06,28.81013849,1.244733651,47.20506031,0.778242268,18.39492182,1.467999622
A116C,2.80807E-06,2.49841E-06,18.67693289,1.44107173,26.32285445,0.702282583,7.645921555,1.603087196
A116G,1.08070E-05,8.51389E-06,29.69308728,0.981744013,36.04881125,0.56636117,6.355723963,1.133395907
A116T,2.29887E-06,5.28522E-06,28.08760143,1.055293442,30.18833177,0.477679985,2.100730341,1.158370587
G117A,1.20185E-04,1.45584E-05,22.37079371,0.643282432,57.16826027,0.655576537,34.79746656,0.918473126
G117C,2.47085E-05,7.07124E-06,36.01519381,1.667074049,66.97257225,1.058709287,30.95737843,1.974842079
G117T,9.46902E-05,2.18078E-05,25.90994742,0.906254775,49.56961277,0.844333783,23.65966534,1.238627165
A118C,1.43103E-04,4.54326E-05,21.73112747,0.748659055,37.67342647,0.829245976,15.942299,1.117201535
A118G,4.48982E-05,2.12533E-05,24.30706205,0.42411557,29.3896332,0.335859129,5.082571156,0.540994798
A118T,4.73026E-06,1.47024E-05,25.90668408,1.031310044,27.48135093,0.508508819,1.57466685,1.149861569
G119A,2.03322E-04,2.62647E-05,18.32076466,0.782902028,63.95607478,0.956443391,45.63531012,1.236009525
G119C,2.24142E-04,3.55847E-05,17.84058161,0.877219533,60.0649966,1.115986911,42.22441498,1.419486137
G119T,1.21445E-04,2.80582E-05,25.6075899,1.159280324,56.65985434,1.120192605,31.05226444,1.612067722
T120A,2.05922E-05,4.99701E-06,36.79135612,1.11824339,61.32446931,0.7062659,24.53311319,1.322603418
T120C,1.68270E-05,3.76076E-06,38.13767117,0.916286086,59.69329261,0.555308252,21.55562144,1.071423094
T120G,3.11338E-05,3.50408E-05,25.44719557,0.806432484,29.49264801,0.604349255,4.045452439,1.007755612
G121A,9.93888E-05,1.27956E-05,20.21957911,0.733867483,58.43888042,0.766306693,38.21930131,1.061031305
G121C,1.67162E-04,3.26684E-05,19.666215,0.919275621,53.47220761,1.100851108,33.80599261,1.434203901
G121T,2.28579E-05,9.85017E-06,25.62553051,1.609139979,45.30614281,1.072001613,19.6806123,1.933525001
T122A,3.00764E-05,1.71135E-05,24.2082665,1.071045995,34.90625694,0.800958961,10.69799044,1.337413466
T122C,1.29641E-05,5.27991E-06,23.40102552,0.8435933,34.50582204,0.526299547,11.10479652,0.994304213
T122G,1.28832E-04,0.000694545,24.25606723,0.909049627,25.28754518,0.851563237,1.031477952,1.245604741
T123A,2.29585E-05,8.92189E-06,26.53871007,0.807263724,37.97918039,0.548331934,11.44047032,0.975880439
T123C,2.12278E-05,6.72639E-06,24.94357521,0.677752731,36.65319208,0.45064484,11.70961687,0.813897743
T123G,1.58470E-05,1.10007E-05,23.55257902,0.981632769,31.21560958,0.627404391,7.663030559,1.165006078
T124A,2.13432E-05,4.20397E-06,25.18614143,0.560199217,40.85338332,0.370280719,15.66724189,0.671513942
T124C,1.74937E-05,9.40385E-06,23.47713339,1.272782994,36.35333934,0.798281243,12.87620595,1.502407898
T124G,1.96963E-05,1.33108E-05,30.381167,2.202671185,47.8945156,1.378945617,17.5133486,2.598701861
G125A,2.79691E-05,5.81391E-06,22.1937275,0.570208495,37.51539809,0.396270487,15.32167058,0.694383199
G125C,4.17867E-05,1.28712E-05,23.93081718,1.056316586,43.93191237,0.830480521,20.00109519,1.343689929
G125T,1.01920E-05,3.29841E-06,29.19552372,1.2413013,47.63070805,0.631342932,18.43518434,1.392631615
T126A,1.54917E-05,2.70512E-06,34.27161008,0.688504789,55.34579609,0.423170614,21.074186,0.808153582
T126C,1.68065E-05,4.59211E-06,35.90757011,1.065618029,56.55181291,0.656577165,20.6442428,1.25165305
T126G,1.23681E-05,5.37223E-06,31.59534643,1.370178627,48.22393037,0.827424953,16.62858394,1.600631601
G127A,1.72093E-05,4.87134E-06,29.92445653,1.107690808,50.84725733,0.684144729,20.9228008,1.301934306
G127C,1.67483E-05,6.20635E-06,25.47535293,1.445787469,46.94676576,0.971974339,21.47141282,1.742135334
G127T,1.55437E-05,5.87242E-06,32.24876184,1.307341457,49.51925398,0.726914558,17.27049214,1.49584306
C128A,2.19828E-05,6.09454E-06,28.22216263,0.927602436,46.83612195,0.640629182,18.61395933,1.127320729
C128G,2.31382E-05,7.30402E-06,28.87703959,1.101972237,48.2193456,0.772760033,19.34230601,1.345920087
C128T,1.33147E-05,4.88154E-06,30.2243468,0.861488796,42.50177573,0.509781211,12.27742894,1.001019395
G129A,1.69346E-05,4.70244E-06,35.65731878,1.127951491,57.16738826,0.665404185,21.51006948,1.309594325
G129C,1.96434E-05,3.08528E-06,35.28385387,0.638761853,57.07239663,0.413969389,21.78854275,0.761174986
G129T,1.84984E-05,4.35445E-06,34.43523931,0.8757669,54.01486385,0.540699671,19.57962454,1.029234568
G130A,1.72466E-05,4.38902E-06,35.74009747,0.951828696,55.65395608,0.600924342,19.9138586,1.125650003
G130C,1.32507E-05,4.41804E-06,34.97497975,1.239578737,54.67663938,0.753625153,19.70165963,1.450691668
G130T,1.61359E-05,3.95843E-06,35.70225639,0.962786827,55.73033965,0.561727085,20.02808326,1.114672953
A131C,2.71002E-05,7.89397E-06,35.93951039,1.150537871,57.17937561,0.765522228,21.23986522,1.38194127
A131G,1.54488E-05,3.4645E-06,34.57033664,0.960252549,56.91941718,0.557296867,22.34908054,1.110254365
A131T,1.86010E-05,3.93929E-06,35.38982667,0.86117809,56.80287714,0.526769527,21.41305047,1.009511683
T132A,1.74555E-05,4.12553E-06,35.67897796,0.954198153,57.27393111,0.60288595,21.59495315,1.128700839
T132C,1.51071E-05,6.60989E-06,32.02231723,1.311070313,48.01891707,0.816717177,15.99659985,1.544646339
T132G,2.01902E-05,4.74591E-06,32.96046563,1.200102438,60.82957361,0.766661504,27.86910798,1.42408417
G133A,1.57383E-05,4.19178E-06,26.92157896,0.897926257,45.34548447,0.573395066,18.42390551,1.06538888
G133C,1.52933E-05,5.05092E-06,26.55111748,1.120731358,44.97329666,0.700564088,18.42217918,1.321676518
G133T,1.83658E-05,4.72247E-06,29.84212401,1.023394614,50.89119727,0.613591471,21.04907326,1.19324391
C134A,8.21430E-06,4.07067E-06,23.51082284,1.140100291,35.45655729,0.644724969,11.94573446,1.309770574
C134G,7.01947E-06,9.22443E-06,28.97417387,1.690968032,35.06617532,0.837106284,6.092001446,1.886827977
C134T,1.62753E-05,3.40881E-06,30.41649647,0.46700906,42.10155652,0.273895346,11.68506005,0.541401998
G135A,1.61518E-05,3.927E-06,35.7640942,0.978739076,57.12504509,0.601297174,21.36095089,1.148689894
G135C,1.24427E-05,3.48855E-06,32.72218271,1.130441759,53.76889292,0.659317519,21.04671021,1.308662737
G135T,1.94366E-05,2.74862E-06,32.50306715,0.601741368,55.20897213,0.377351482,22.70590497,0.710272352
C136A,1.71006E-05,8.47047E-06,21.43958567,0.941055728,31.65573627,0.579992574,10.2161506,1.105430807
C136G,9.75084E-06,9.64316E-06,31.67157295,1.744946839,40.54895903,0.937883455,8.877386081,1.98102621
C136T,1.63211E-05,5.76706E-06,29.68482681,1.241175805,48.48483023,0.728667167,18.80000342,1.439261345
A137C,1.31699E-05,8.95935E-06,22.59759977,1.226627812,32.13469865,0.720003425,9.537098882,1.422329329
A137G,1.88750E-05,5.48897E-06,35.34068722,1.270747792,58.40246994,0.77566879,23.06178272,1.488778702
A137T,1.64262E-05,3.83001E-06,27.78980205,0.526609023,39.93580967,0.327465017,12.14600761,0.620121279
A138C,3.46222E-05,1.57729E-05,22.23924065,0.874516459,33.10700556,0.665659546,10.86776491,1.0990367
A138G,2.34440E-05,6.00814E-06,34.3978651,1.042123378,56.43144737,0.6692286,22.03358227,1.238502343
A138T,9.66618E-06,4.62811E-06,27.72636097,0.891098877,37.18819836,0.484439651,9.461837389,1.014267708
A139C,4.50802E-05,1.12607E-05,27.55204937,1.030969588,50.69139137,0.788279944,23.13934201,1.297799507
A139G,1.70890E-05,3.88405E-06,34.77978251,0.852950032,55.14551356,0.539844419,20.36573105,1.009433383
A139T,2.72842E-05,7.72818E-06,26.66856717,0.889803923,44.45378023,0.646294032,17.78521307,1.099748607
C140A,1.26112E-05,8.137E-06,23.46606605,0.670417303,28.93834174,0.407063202,5.472275691,0.784321242
C140G,6.15314E-05,1.71503E-05,20.72215862,0.684121309,35.88195815,0.630769129,15.15979953,0.930532998
C140T,2.07851E-05,7.78162E-06,26.56202507,0.773682229,37.92964203,0.521489407,11.36761695,0.933024862
C141A,2.14425E-05,1.71972E-05,24.55663952,0.738448692,29.5695845,0.496151868,5.012944982,0.889647766
C141G,3.72961E-05,2.27148E-05,22.69248767,1.694072005,39.16751564,1.383828341,16.47502797,2.187432476
C141T,1.55649E-05,7.3047E-06,25.93273539,1.108349264,38.7349149,0.699259911,12.80217951,1.310497049
A142C,2.43151E-05,1.83911E-05,24.0254226,1.114258826,32.25694317,0.78251981,8.231520572,1.361583631
A142G,2.79848E-05,9.32776E-06,30.59442072,1.005020758,47.48774794,0.719482819,16.89332723,1.236010619
A142T,2.21438E-06,7.53963E-06,26.08521658,1.260529876,27.81699497,0.583907556,1.731778392,1.389202506
C143A,2.47346E-05,5.11562E-05,26.93864639,0.904510786,29.30616602,0.601997065,2.36751963,1.086526681
C143G,1.68197E-05,1.19276E-05,28.77843326,0.604271941,33.33112588,0.37776202,4.552692624,0.712635056
C143T,2.59359E-05,2.63436E-05,22.50309388,0.725872231,26.40423698,0.508547008,3.901143104,0.886290334
C144A,4.57902E-06,5.31956E-06,26.4689179,0.977901712,30.48625425,0.490315056,4.017336351,1.093938121
C144G,2.24275E-03,0.0072604,28.8690869,0.86185025,26.41796505,1.642653174,-2.451121849,1.85501895
C144T,4.68257E-05,4.64459E-05,26.3701199,1.012020422,32.17553828,0.805855991,5.805418378,1.293672761
A145C,3.88451E-05,5.85199E-06,27.93432483,0.944284668,64.08938006,0.704924569,36.15505522,1.178385413
A145G,1.35883E-05,8.13069E-06,60.71763015,1.116697461,70.12105553,0.631878012,9.403425384,1.283075618
A145T,1.64816E-04,1.45695E-05,16.69216111,0.65039464,71.55948047,0.754218824,54.86731936,0.995921293
A146C,2.31068E-02,0.028454603,19.4511593,0.215362423,16.62818654,1.180018912,-2.822972758,1.199510569
A146G,3.31690E-03,0.001816239,22.16683062,0.267328585,17.45432524,0.564805306,-4.712505381,0.624875673
A146T,1.05116E-04,1.57478E-05,22.99221866,0.593798566,48.4629729,0.603173996,25.47075424,0.846413377
A147C,9.28970E-04,0.000690966,52.98699055,1.973137604,31.32063314,2.954477531,-21.6663574,3.552774899
A147G,1.20022E-04,3.48773E-05,26.37552362,0.973125602,47.85141447,0.99011293,21.47589085,1.388271246
A147T,2.73161E-05,5.36862E-06,26.24967061,1.346433286,64.53240697,0.934068947,38.28273636,1.638709062
G148A,3.12487E-04,6.44477E-05,18.77671755,0.79581847,48.71868502,1.094918641,29.94196747,1.353578171
G148C,1.89521E-04,3.84661E-05,16.15255313,1.030324298,54.7316304,1.317906856,38.57907727,1.672855834
G148T,1.44401E-04,2.05064E-05,18.06612345,0.7800244,56.64552893,0.887234492,38.57940547,1.181364935
G149A,2.67264E-05,3.24436E-06,30.49728309,0.929506065,72.12251507,0.591986184,41.62523198,1.102011419
G149C,8.37384E-06,3.22634E-06,42.26598491,2.767161745,75.04974296,1.199002027,32.78375805,3.01575695
G149T,5.76588E-05,1.65655E-05,25.67517982,1.160841865,49.18218003,0.971326879,23.50700021,1.513614793
G150A,2.13778E-05,1.97051E-05,24.7087528,0.916902598,30.12509354,0.617395952,5.416340741,1.10539049
G150C,1.93775E-04,4.89179E-05,19.83000288,1.056968415,49.83951881,1.280276341,30.00951594,1.66020774
G150T,1.37306E-04,3.82993E-05,25.77537634,1.139710506,51.94357185,1.150217437,26.16819551,1.619240621
G151A,2.90613E-04,7.97282E-05,20.54758792,0.82337425,43.04196618,1.074625686,22.49437826,1.353796705
G151C,4.36115E-04,0.000164415,16.44915725,1.067604704,40.30182162,1.657649112,23.85266437,1.971694799
G151T,2.77723E-04,7.02968E-05,25.14826648,0.767024797,47.1036932,0.927023749,21.95542672,1.203204085
A152C,1.28090E-05,1.08794E-05,31.28128222,3.063461603,49.77753572,1.786575121,18.4962535,3.546356955
A152G,2.91761E-05,1.60282E-05,29.70949698,0.832338838,38.11826445,0.596958468,8.408767473,1.024278943
A152T,3.89082E-05,1.21892E-05,42.35767245,0.710805258,54.70415756,0.509752338,12.34648512,0.874695125
C153A,2.23328E-05,3.4027E-06,29.40308087,0.997428431,65.54541953,0.655220944,36.14233866,1.193389275
C153G,2.30935E-05,8.80444E-06,27.34846046,1.861885934,54.92515717,1.35067543,27.57669671,2.300205067
C153T,2.60296E-05,3.61856E-06,29.32953098,0.908484954,65.20833897,0.603791143,35.878808,1.090829343
G154A,2.43119E-05,2.68156E-06,41.63401842,0.6813239,73.38595379,0.400666292,31.75193537,0.790402261
G154C,4.21615E-05,4.60214E-06,21.8350683,1.013827085,77.04006573,0.733050369,55.20499743,1.251082812
G154T,2.29395E-05,5.72491E-06,27.49222249,1.316645749,56.85075208,0.872327512,29.35852959,1.579402202
T155A,3.42850E-05,4.9025E-06,26.68353926,1.24107873,75.44482619,0.83465862,48.76128693,1.495637464
T155C,1.88189E-05,4.80185E-06,33.33680961,1.314952407,61.00044302,0.82388166,27.66363341,1.551734779
T155G,2.41733E-05,5.50446E-06,28.26748359,1.597799357,66.82904289,1.04338864,38.5615593,1.908303603
C156A,5.38834E-05,1.41834E-05,21.6681526,0.581980631,35.0760002,0.51139326,13.4078476,0.774741583
C156G,1.68476E-05,1.38138E-05,25.34553513,1.747098894,36.92556407,1.148198529,11.58002894,2.090625363
C156T,2.28047E-05,4.97262E-06,27.63784319,0.675232934,44.87853904,0.474775432,17.24069585,0.82544002
T157A,1.34902E-05,1.47794E-05,25.59782956,0.996020313,30.35053169,0.598387737,4.752702132,1.161948513
T157C,3.25188E-06,6.6597E-06,30.85209555,1.487299043,34.19706561,0.691981881,3.344970061,1.640395491
T157G,7.50088E-06,1.8683E-05,23.49915997,1.382652941,26.217939,0.721337325,2.718779037,1.559505272
T158A,3.78798E-05,7.82904E-05,31.99831068,0.838164778,34.22761033,0.600512523,2.229299656,1.031084616
T158C,2.01991E-05,2.83407E-05,25.93458524,1.154780516,30.30777548,0.751835861,4.373190246,1.377960522
T158G,4.14158E-04,0.000434707,25.95202976,0.859279629,31.98496555,1.100124455,6.032935794,1.395935277
T159A,2.00000E-08,2.99179E-05,40.07009224,1.807661909,39.92452316,0.743300164,-0.145569082,1.954517002
T159C,1.59585E-05,2.22734E-05,23.51878363,0.842184895,26.66560211,0.522227358,3.146818483,0.990957522
T159G,3.25841E-02,0.175426673,56.95531595,0.343540746,55.73789467,2.481428588,-1.217421285,2.505096421
G160A,3.11225E-05,1.36553E-05,22.37499336,0.897512831,33.92535236,0.667427725,11.550359,1.118476218
G160C,9.79770E-05,0.00011691,19.52464377,1.440145348,27.03157459,1.372199929,7.506930822,1.989208704
G160T,2.19343E-05,7.67921E-06,28.26079684,1.07119449,43.39265509,0.621342029,15.13185825,1.238355181
C161A,3.07194E-05,2.35714E-05,25.67198833,1.03551784,33.13251415,0.740794284,7.460525824,1.273213795
C161G,5.97839E-05,9.80119E-05,20.37001964,1.579825358,25.90973895,1.273562383,5.539719305,2.029238603
C161T,1.75571E-05,5.44472E-06,31.13020475,0.906014798,46.87218933,0.58236341,15.74198458,1.077037583
G162A,1.24440E-05,6.13172E-06,24.5771888,0.67049678,31.77868535,0.414462166,7.201496548,0.788254286
G162C,5.25160E-05,3.17031E-05,25.61171001,0.618509201,31.55207065,0.511531756,5.940360645,0.802632151
G162T,2.69797E-05,1.3211E-05,28.30921598,1.118979352,40.62218067,0.778039553,12.31296469,1.362886766
T163A,3.96691E-05,8.11057E-06,29.60881365,0.500729778,43.40555122,0.391026081,13.79673757,0.635320161
T163C,1.59069E-05,1.21682E-05,23.07450794,0.939684977,29.66638786,0.614590677,6.591879915,1.122822139
T163G,1.29466E-05,6.94065E-06,31.46306171,1.520088273,46.37925904,0.900965592,14.91619733,1.76703349
A164C,3.82761E-05,6.41026E-05,20.41435078,1.786081162,26.44463216,1.400513355,6.030281378,2.269696802
A164G,1.93428E-05,4.68614E-06,31.82450907,0.748395808,48.36421845,0.489276784,16.53970938,0.89414096
A164T,3.98661E-05,1.88321E-05,25.34388983,0.673585722,33.46501301,0.532210823,8.121123176,0.858467288
T165A,1.69435E-05,3.26482E-06,40.36152993,1.071607227,68.89819945,0.610728094,28.53666952,1.233422415
T165C,1.58923E-05,3.96866E-06,34.22377881,0.911047859,53.94938603,0.575717591,19.72560722,1.077710048
T165G,1.33374E-05,3.97281E-06,35.74322714,1.511579969,62.02771549,0.869503991,26.28448835,1.74382086
G166A,3.96246E-05,2.49736E-05,31.60015857,0.773716785,38.54948736,0.593394116,6.949328794,0.975066275
G166C,1.77836E-05,2.5925E-05,32.43171662,1.279014421,36.91085922,0.78253769,4.479142604,1.499414261
G166T,1.90143E-05,6.48931E-06,29.43035834,1.068669532,45.85418414,0.668293144,16.4238258,1.260424649
C167A,1.53762E-05,2.14263E-05,28.07535094,0.998426453,31.77531018,0.597227076,3.699959239,1.163415473
C167G,1.82985E-05,2.59919E-05,19.13126152,1.517640547,24.73031868,0.980566553,5.599057157,1.806860148
C167T,1.39262E-05,6.23405E-06,32.95861972,0.717816573,41.26889314,0.427405987,8.310273421,0.835425946
A168C,9.50308E-05,0.000257012,36.58025406,1.416951985,39.77578933,1.268919225,3.195535266,1.902080158
A168G,1.50589E-05,4.71373E-06,34.7621271,1.143280442,54.11666808,0.702525951,19.35454098,1.341876627
A168T,9.35951E-06,1.83551E-05,29.44835823,0.881913932,31.69039817,0.481943606,2.242039937,1.00500837
A169C,1.89173E-06,1.21479E-05,35.21101265,1.501692502,36.32244826,0.686115616,1.111435617,1.6510103
A169G,9.30416E-06,5.00379E-06,31.67754105,1.453131554,45.54307113,0.834090151,13.86553008,1.675499237
A169T,9.51656E-06,1.92862E-05,22.8868831,0.806631565,24.88268007,0.443526589,1.995796972,0.920527195
A170C,7.04229E-05,4.91964E-05,29.91126316,0.954371159,37.94102988,0.821575625,8.029766716,1.259289807
A170G,3.03849E-06,1.13979E-05,25.2338928,1.608614622,27.15842433,0.747294787,1.924531531,1.773722216
A170T,1.77073E-05,0.000126891,24.20924186,1.461283144,25.254513,0.872062417,1.04527114,1.701717158
G171A,3.24681E-05,7.10971E-05,30.73619881,0.937103301,33.07637528,0.662639285,2.340176471,1.147716611
G171C,1.08400E-05,1.55661E-05,30.10973438,0.785544527,32.89579897,0.441706205,2.786064585,0.901212836
G171T,2.14068E-05,2.19343E-05,28.25766894,1.46761838,35.84997585,0.955409726,7.592306915,1.751202859
T172A,2.42523E-05,2.2096E-06,27.35242356,0.787939184,74.39594016,0.475719324,47.0435166,0.920411339
T172C,2.91070E-05,5.17365E-06,23.40357662,1.157899078,62.09025719,0.869364571,38.68668058,1.4479382
T172G,9.91071E-06,4.63037E-06,26.16718975,3.269556083,64.07020369,1.875620674,37.90301394,3.76934343
A173C,1.72627E-04,6.17228E-05,24.38259162,1.145200197,46.28752067,1.301434576,21.90492905,1.733555724
A173G,1.55987E-04,2.10116E-05,26.62321165,0.776261335,64.52577786,0.770271213,37.90256621,1.093571855
A173T,1.49255E-04,3.91516E-05,23.82119852,1.019105855,49.76207191,1.122589179,25.94087339,1.516173872
A174C,1.94877E-04,2.39659E-05,21.47432104,0.635026507,58.68946013,0.755518809,37.21513909,0.986948497
A174G,1.82438E-04,4.10782E-05,27.83376504,0.945302291,56.07799071,1.013313215,28.24422567,1.38578501
A174T,1.00170E-04,2.07106E-05,25.06883243,0.740056391,47.96516326,0.731935627,22.89633083,1.040871378
A175C,1.02432E-04,1.47398E-05,16.1926563,1.135384943,72.19268725,1.188239139,56.00003094,1.643475348
A175G,2.38415E-05,1.20182E-05,42.29511172,0.797240479,50.84303531,0.528777455,8.547923593,0.956659803
A175T,1.17329E-05,6.66491E-06,46.10040933,1.085483914,55.78551267,0.612385986,9.685103337,1.246311327
C176A,5.04797E-05,4.12406E-05,26.16434824,0.910495018,32.61304388,0.73214285,6.448695633,1.168346836
C176G,7.03147E-05,2.80184E-05,23.86986128,0.863203525,36.83106487,0.793789504,12.9612036,1.172698641
C176T,3.72501E-07,2.36459E-06,24.28079336,1.453675858,26.45831615,0.639666462,2.177522793,1.58818975
T177A,3.22449E-05,1.1788E-05,25.16720697,0.527448278,33.27289033,0.401051238,8.105683353,0.662603789
T177C,4.74020E-05,3.79599E-06,19.89797463,0.801786315,81.87202721,0.591489475,61.97405258,0.9963539
T177G,1.89360E-04,3.08004E-05,26.48724186,0.548847226,49.10165902,0.596038111,22.61441717,0.81024361
T178A,1.14603E-04,1.49818E-05,21.57105821,0.732311711,59.3726411,0.768413311,37.80158289,1.061479844
T178C,1.97479E-05,5.2904E-06,53.09424038,0.987945476,71.65624099,0.566992704,18.56200061,1.139086033
T178G,4.75519E-04,0.000227442,12.89968781,0.79204373,26.46472211,1.237242684,13.5650343,1.46904824
G179A,4.86035E-01,12.02870971,74.24412315,1.110259606,96.98199549,469.9238924,22.73787234,469.925204
G179C,3.68142E-05,6.66146E-06,42.24678212,1.388389252,81.26299424,0.800221823,39.01621212,1.60249171
G179T,2.54030E-05,4.75348E-06,25.13999227,1.019113172,55.18425035,0.710830683,30.04425807,1.242526425
C180A,1.44880E-04,5.198E-05,34.51417518,1.432372858,59.42918834,1.25950738,24.91501316,1.907367517
C180G,1.45919E-04,3.76815E-05,18.95977234,1.494217507,59.37221789,1.599147735,40.41244555,2.188597596
C180T,1.88864E-04,4.83446E-05,24.33640263,1.119334447,54.22454788,1.191912922,29.88814525,1.635104284
A181C,2.54095E-05,5.1628E-06,26.36502575,1.30400097,62.66892827,0.895526616,36.30390252,1.581893312
A181G,1.49893E-05,3.22208E-06,40.53710379,1.193217348,69.00824032,0.666220937,28.47113653,1.366608201
A181T,2.34638E-05,7.04579E-06,26.79830401,0.88293874,43.09200539,0.611474932,16.29370138,1.074002984
G182A,1.30671E-06,7.93567E-06,23.40004923,1.202635886,24.40630645,0.535592842,1.006257218,1.316507793
G182C,1.27414E-05,1.34225E-05,16.63208061,0.825172031,20.81491668,0.525732999,4.182836065,0.978419167
G182T,5.66627E-06,5.79308E-06,18.40896742,0.753371108,21.97866265,0.396857215,3.569695231,0.851506709
G183A,4.49570E-02,0.054725304,22.74342143,0.201268071,18.90007132,1.947997395,-3.843350108,1.958367352
G183C,1.49877E-06,2.61244E-06,19.51452144,0.733126183,21.57354019,0.332759767,2.059018753,0.80511059
G183T,1.26497E-05,6.74639E-06,21.99102871,0.952632258,31.19457169,0.572593102,9.203542986,1.111472483
T184A,1.84615E-04,6.06182E-05,19.97690895,0.465304773,29.58944285,0.532581928,9.612533903,0.707214283
T184C,1.99621E-05,1.61837E-05,17.95944265,0.704812468,22.79280089,0.497450114,4.833358234,0.862680259
T184G,3.99007E-05,7.13824E-06,18.58718919,0.723688197,44.24702319,0.67924564,25.659834,0.99252166
G185A,1.16905E-05,6.78514E-06,37.38338932,1.104960582,47.32197056,0.655588818,9.938581242,1.284809163
G185C,1.46329E-04,1.78533E-05,17.45018377,0.687274776,58.87923554,0.854970671,41.42905177,1.096960102
G185T,2.14096E-05,6.03478E-06,28.49631291,0.939032976,46.33931483,0.627366279,17.84300191,1.129323416
C186A,2.09624E-05,5.44385E-06,26.23097142,0.61905238,39.72606044,0.447223056,13.49508902,0.763697787
C186G,2.99661E-05,7.70493E-06,19.60487805,0.941196351,41.62994003,0.79046714,22.02506199,1.229100838
C186T,1.84419E-05,4.37215E-06,25.82846544,0.738946699,43.23826953,0.516442876,17.40980409,0.901529516
C187A,3.62758E-05,7.57241E-06,25.20548843,0.418828631,36.82282353,0.336830517,11.6173351,0.537468343
C187G,1.44610E-05,9.78214E-06,23.27473031,1.09020534,32.06739356,0.724060272,8.792663253,1.30874404
C187T,2.17628E-05,9.77008E-06,22.95065969,0.801877762,32.95304507,0.570409227,10.00238537,0.984060279
A188C,3.40231E-05,4.04827E-06,23.58615238,0.954017921,70.07641082,0.694443784,46.49025844,1.180001001
A188G,2.05664E-05,4.53047E-06,29.87754746,0.754595411,48.60799156,0.505343464,18.7304441,0.908177434
A188T,2.43115E-05,5.61605E-06,26.46171169,0.581379161,40.59880829,0.42096401,14.1370966,0.717782994
G189A,1.80252E-05,6.2307E-06,33.41950349,0.828453546,46.30031844,0.532828565,12.88081495,0.985008405
G189C,1.71266E-05,2.84614E-06,47.62525001,1.224853908,82.97005688,0.573533305,35.34480686,1.352481995
G189T,3.59042E-05,2.29086E-06,26.71784503,0.533488875,74.57294074,0.374883583,47.85509571,0.652033803
G190A,2.25799E-05,1.4109E-06,62.56581206,0.383866019,90.04770137,0.160352456,27.48188931,0.416012056
G190C,4.57839E-05,7.67978E-06,61.97993541,0.892141186,87.32503934,0.480691627,25.34510394,1.013400383
G190T,4.62388E-05,1.39358E-05,57.7011932,1.111324416,76.09237772,0.702739744,18.39118452,1.314870756
A191C,3.37530E-04,8.24543E-05,43.25229004,0.683178129,62.64743308,0.770101762,19.39514304,1.029460577
A191G,8.86692E-05,2.16193E-05,16.37083466,0.556397226,31.27955987,0.585222451,14.9087252,0.807504298
A191T,3.60909E-04,0.000107668,18.83185314,0.887412325,42.44546223,1.273676146,23.61360909,1.552337451
C192A,1.85625E-02,0.017910421,61.61252405,0.437623127,54.71670507,2.122280766,-6.895818978,2.166930929
C192G,1.43244E-03,0.001778654,38.64451332,0.827948551,33.06254853,1.361273062,-5.581964785,1.593286902
C192T,2.22994E-05,1.43407E-05,20.72138676,0.665613777,26.31805247,0.450598617,5.596665706,0.803791524
A193C,3.00914E-02,0.016289278,29.76434473,0.238244711,22.04806966,1.502743125,-7.716275064,1.521511565
A193G,1.94459E-04,9.26656E-05,21.34208248,0.812057285,33.02878073,0.935830021,11.68669825,1.239037877
A193T,4.21167E-04,0.000139454,33.25192969,0.393757459,41.98570311,0.496519295,8.733773423,0.633700518
G194A,1.30048E-02,0.010513812,51.39751687,0.39649626,44.81306472,1.535987972,-6.584452158,1.586338026
G194C,1.19888E-05,0.000293487,57.92661081,1.074797574,58.15095291,0.606556362,0.224342102,1.234139557
G194T,4.08730E-07,4.96719E-06,75.097156,1.331017451,74.12339075,0.566340538,-0.973765248,1.446495441
A195C,8.99222E-03,0.013135935,57.07668552,0.254295167,54.95161877,0.823562415,-2.12506675,0.861928699
A195G,4.22916E-05,9.74022E-06,27.46891397,0.824350846,48.34251039,0.670890875,20.87359642,1.062849417
A195T,8.16069E-05,6.472E-05,41.54026976,0.561018471,45.63490686,0.473786156,4.094637091,0.734312635
G196A,2.86695E-05,1.32399E-05,47.44172314,0.486517977,53.06694341,0.325745126,5.625220274,0.58549947
G196C,2.26954E-05,2.50767E-05,57.41350623,2.057724953,66.66573446,1.248077096,9.252228238,2.406642562
G196T,6.77512E-05,4.44802E-05,49.15764351,1.167900212,58.17409852,0.84011105,9.016455012,1.438672124
A197C,3.42508E-05,1.03805E-05,35.8528187,0.930892397,50.47543282,0.591790496,14.62261412,1.103075993
A197G,1.55495E-05,4.36604E-06,40.65531192,1.150005954,61.97350992,0.681170253,21.318198,1.336602636
A197T,9.32999E-06,5.04634E-06,54.53525682,1.527369522,68.25804785,0.772704751,13.72279103,1.711703914
A198C,2.09989E-05,8.99583E-06,42.4952107,1.477593607,60.98182016,0.947478154,18.48660946,1.755277106
A198G,9.12909E-06,8.41211E-06,60.46697308,1.62632161,69.07008105,0.83423234,8.603107972,1.827803484
A198T,8.05177E-06,3.76426E-06,50.31481011,1.275658743,63.56212562,0.645120179,13.24731551,1.429505255
C199A,1.90126E-05,8.92143E-06,38.88071434,1.910814474,60.84388972,1.183503799,21.96317537,2.247641697
C199G,3.59503E-05,1.81045E-05,75.8941224,0.658729195,82.66458776,0.423575488,6.770465363,0.783160486
C199T,1.61614E-05,6.02044E-06,62.2314493,0.900756601,74.26371732,0.498857738,12.03226802,1.029670577
C200A,1.72787E-05,5.7908E-06,61.40256475,0.715548703,72.17331409,0.408942826,10.77074934,0.824162716
C200G,1.63966E-05,1.06699E-05,68.71158381,0.626167064,73.64797762,0.367719115,4.936393804,0.726156002
C200T,1.79992E-05,6.09732E-06,57.60079343,0.767400539,69.17280732,0.447905016,11.57201389,0.888550781
T201A,6.32010E-06,8.68607E-06,78.30410618,1.089531216,82.07578512,0.529895015,3.771678937,1.21155561
T201C,2.08549E-05,7.46795E-06,31.90205857,1.562915498,55.69295242,1.025377901,23.79089385,1.869252443
T201G,5.98202E-06,1.59852E-06,59.42856585,0.685401862,71.49631758,0.3231651,12.06775173,0.757767375
T202A,1.30065E-05,3.24084E-06,53.19754311,0.743181053,67.97008118,0.398270174,14.77253807,0.843170925
T202C,1.29759E-05,2.88491E-06,39.01973597,1.058033883,63.63465762,0.591365704,24.61492165,1.212084607
T202G,2.04674E-05,1.56286E-05,51.2119591,1.227542574,59.74862386,0.766494803,8.536664768,1.447195583
C203A,1.64187E-05,3.6774E-06,57.40561336,0.587629572,70.51489143,0.33011415,13.10927806,0.674005835
C203G,1.23153E-05,5.14474E-06,56.53352882,1.447953266,73.1079552,0.711668308,16.57442638,1.613394075
C203T,1.30943E-05,1.78377E-05,79.90281639,1.052302651,83.68070459,0.561957727,3.777888205,1.192953208
A204C,1.03516E-05,5.67148E-06,35.49789088,2.086460733,54.94451029,1.160896924,19.44661941,2.387676707
A204G,1.02346E-05,1.79847E-06,42.0011698,0.666091303,61.06504876,0.362675879,19.06387896,0.758426936
A204T,1.44891E-05,5.60889E-06,38.79900627,1.540248581,59.35249463,0.894328075,20.55348836,1.781063839
T205A,1.19480E-05,3.26456E-06,48.47100058,0.814849967,63.46927823,0.444986919,14.99827765,0.928436227
T205C,1.20954E-05,4.19816E-06,35.46116917,1.385721235,56.18302282,0.799554182,20.72185365,1.59984694
T205G,1.34551E-05,3.74586E-06,38.74225549,1.086360331,58.9718613,0.624981492,20.22960581,1.253307877
T206A,7.80681E-06,6.11142E-06,62.71813909,0.982498763,68.77176738,0.498937169,6.053628294,1.101926548
T206C,1.53837E-05,1.11749E-05,69.09452715,1.043378678,76.30981126,0.581007102,7.215284116,1.19423964
T206G,1.54665E-05,4.20376E-06,42.8685164,1.14900551,64.6145556,0.665749737,21.7460392,1.327944417
T207A,1.29016E-05,3.36184E-06,36.79796601,1.081341199,58.27950243,0.624265197,21.48153642,1.248601548
T207C,1.64436E-05,3.33309E-06,28.18422405,1.002384073,55.33614553,0.65076295,27.15192147,1.195100936
T207G,1.42843E-05,1.80445E-06,31.09975065,0.580055465,55.84038252,0.360133458,24.74063186,0.682759438
T208A,1.78197E-05,3.91988E-06,28.7282029,1.295198732,60.52578804,0.818775089,31.79758514,1.532296446
T208C,1.57923E-05,2.97118E-06,27.80031441,1.055098734,58.68857491,0.665673413,30.88826049,1.24753935
T208G,7.01432E-06,1.79478E-06,29.16583566,1.625090662,61.72291781,0.87378985,32.55708215,1.845109309
A209C,1.15588E-05,4.12559E-06,53.92831319,1.174036993,70.24724211,0.610632727,16.31892892,1.32334243
A209G,1.17853E-05,2.54772E-06,38.50069722,1.015677194,62.60522652,0.569011638,24.10452929,1.164205483
A209T,1.41995E-05,5.77815E-05,77.80426596,0.767755346,78.79890466,0.474314459,0.994638695,0.902453587
C210A,1.38156E-05,2.17751E-06,26.51221516,0.967687639,60.16305193,0.610430517,33.65083677,1.144134949
C210G,1.29393E-05,1.36535E-06,22.55328094,0.687183133,59.9400334,0.456471078,37.38675247,0.824976669
C210T,1.77656E-05,2.83225E-06,21.83902231,1.019830471,58.50530033,0.712472391,36.66627802,1.244054298
A211C,1.11305E-05,2.51302E-06,37.79826115,1.007264561,60.6486619,0.558932056,22.85040076,1.151949191
A211G,1.17483E-05,2.26514E-06,28.07184131,1.168723877,60.6059456,0.706751685,32.53410429,1.365801393
A211T,1.13677E-05,8.83796E-07,27.39928832,0.517388259,62.87744381,0.308788409,35.47815549,0.602528748
T212A,9.68684E-06,1.70512E-06,35.36750302,1.089962136,66.64772054,0.582481633,31.28021752,1.235840731
T212C,1.35861E-05,3.07175E-06,36.95981329,1.010387586,60.0205789,0.582372592,23.06076562,1.166207919
T212G,1.52172E-05,5.52349E-06,32.12994578,2.191099812,64.14059636,1.335363347,32.01065059,2.565952777
G213A,1.12265E-05,2.78948E-06,55.0260449,0.863906324,72.01215288,0.438492303,16.98610798,0.968818681
G213C,2.39787E-06,3.04282E-06,72.86505856,2.358016498,81.16980225,0.973208308,8.304743687,2.550955941
G213T,2.15608E-05,1.89127E-05,59.02005846,1.751391785,68.73251797,0.982328502,9.712459514,2.008069339
A214C,1.76427E-05,4.28548E-05,77.90028801,0.937342515,79.92506852,0.577452188,2.024780505,1.100936883
A214G,7.94768E-06,9.99715E-07,40.2794583,0.738084513,68.96626505,0.367603176,28.68680675,0.824561
A214T,6.71800E-06,3.54805E-06,65.89271505,0.913242964,74.19076244,0.450466606,8.298047395,1.01829901
G215A,1.34645E-05,1.68148E-06,31.31399497,0.639411222,58.51611884,0.38463311,27.20212387,0.746183182
G215C,7.18080E-06,5.28393E-06,55.95687809,1.736401139,67.3187028,0.860823843,11.36182472,1.93806775
G215T,1.44521E-05,4.1636E-06,47.44878003,0.787809067,61.3105242,0.449105451,13.86174417,0.906828998
G216A,1.11472E-05,9.90753E-06,71.17625823,1.071299765,77.14067985,0.56863553,5.964421617,1.212860071
G216C,1.10648E-05,2.13662E-05,75.74780348,1.558853713,79.81854416,0.862998454,4.070740687,1.781794385
G216T,1.51492E-05,9.59163E-06,51.19681783,1.661784575,64.09028317,0.912560889,12.89346534,1.895862693
T217A,9.90122E-06,2.51941E-06,32.16945633,1.182394531,56.22604041,0.673490329,24.05658408,1.360752016
T217C,1.25280E-05,3.93921E-06,34.44616272,1.269127518,55.90343194,0.763887624,21.45726923,1.481286252
T217G,1.43990E-05,2.69824E-06,27.55975104,1.215263436,62.71746224,0.753364953,35.1577112,1.429833546
G218A,6.35011E-06,4.05087E-06,66.49248943,1.29269436,75.92804367,0.600711504,9.435554236,1.425451866
G218C,8.55072E-06,3.92091E-06,47.08784716,1.460702207,62.82758181,0.768966593,15.73973465,1.650745455
G218T,2.32518E-05,5.29655E-06,36.22430427,1.029081104,57.48663514,0.583931923,21.26233088,1.183209368
T219A,1.04216E-05,6.41906E-06,33.43220542,1.561113442,46.66290788,0.916998641,13.23070246,1.810514205
T219C,9.13030E-06,8.08361E-06,59.87381723,1.16170556,66.45957587,0.62511222,6.58575864,1.319213817
T219G,1.07235E-05,8.47118E-06,33.41584951,2.79397056,50.90188576,1.52084332,17.48603625,3.181074644
T220A,5.75968E-06,2.37432E-06,37.20184152,1.003024577,49.10367175,0.520182012,11.90183024,1.129888325
T220C,1.45430E-05,2.98931E-06,29.69915194,0.696399006,48.01492432,0.445713722,18.31577239,0.826820596
T220G,3.21704E-06,1.95078E-06,31.26823446,1.36562221,42.16641159,0.688615576,10.89817712,1.529416696
T221A,1.10690E-05,5.92883E-06,39.65314669,1.16475927,50.86598717,0.676091261,11.21284048,1.346760391
T221C,1.31685E-05,4.54705E-06,45.93168851,1.136925879,62.63649247,0.638719391,16.70480396,1.304056331
T221G,1.35986E-05,1.52663E-05,29.44930183,1.653910693,37.11363802,1.004387475,7.664336183,1.934997359
C222A,1.08069E-05,2.5625E-06,41.5936985,0.567111575,53.7769844,0.320250587,12.1832859,0.651287938
C222G,8.97124E-06,1.06394E-05,26.55114553,1.469678597,32.84844401,0.835783577,6.297298487,1.690706765
C222T,1.22116E-05,2.7407E-06,36.1058226,0.796056358,54.45479064,0.461253388,18.34896804,0.920032833
T223A,1.56810E-05,5.59752E-06,43.65780419,0.735985673,54.50616356,0.450608272,10.84835937,0.86297319
T223C,1.24565E-05,2.73245E-06,52.50575913,0.79895001,70.6933192,0.424793908,18.18756007,0.904859648
T223G,1.10227E-05,4.72163E-06,45.01946267,1.187179058,59.04234332,0.657151792,14.02288065,1.356923945
C224A,7.73973E-06,3.42433E-06,46.47652328,0.632952655,53.56761567,0.335325975,7.091092392,0.716290844
C224G,1.02793E-06,1.85866E-06,29.36355776,1.528542764,34.03055609,0.689771097,4.666998336,1.676969632
C224T,2.31165E-05,3.31249E-06,28.74972552,0.734408853,57.7329115,0.519252711,28.98318599,0.899433011
T225A,2.56738E-05,6.71554E-06,44.03367345,1.013027108,64.65167694,0.662647638,20.61800349,1.210506429
T225C,1.44836E-05,4.46374E-06,43.41035646,0.907662701,58.48839047,0.525565998,15.07803401,1.04884279
T225G,5.50521E-04,0.000340662,31.90612043,0.434742652,26.68716776,0.5420133,-5.218952669,0.694823424
G226A,1.35421E-05,7.65857E-06,82.43883211,0.583959756,87.47206063,0.303395653,5.033228525,0.658071363
G226C,4.20075E-03,0.098972176,89.2814817,0.566126036,89.031988,1.348999924,-0.249493702,1.462976242
G226T,1.03999E-04,6.86847E-05,82.74983465,0.825978313,89.34160219,0.609703227,6.59176754,1.026634404
T227A,1.16009E-05,1.01323E-05,80.63107571,0.659103053,84.3471352,0.349398548,3.716059489,0.745986716
T227C,4.02003E-05,5.98115E-06,25.45750584,0.625755233,50.3806474,0.518871682,24.92314156,0.812894479
T227G,1.66755E-05,2.7928E-05,54.60241658,1.10618561,58.0367795,0.686465479,3.43436292,1.30187613
C228A,3.79943E-06,3.61707E-06,88.35459436,0.832731524,92.10548808,0.336940899,3.750893729,0.898315625
C228G,3.10754E-05,6.64325E-05,91.89466251,0.360513309,92.79717606,0.247918659,0.902513548,0.43753115
C228T,1.28114E-05,6.82364E-06,61.39309096,1.027072134,70.97085656,0.551530801,9.577765607,1.165788743
C229A,1.21839E-05,2.9532E-06,47.66607142,0.757895563,63.68967703,0.424756904,16.02360561,0.868806142
C229G,6.70491E-07,5.80329E-07,73.9344768,1.455247194,83.31597964,0.540078009,9.381502836,1.55223344
C229T,1.88204E-05,3.4606E-06,40.85926149,0.570499117,57.30896693,0.359627963,16.44970544,0.674389735
T230A,1.52249E-05,2.54148E-06,31.49987986,0.675695591,53.57032777,0.433886368,22.07044791,0.80300804
T230C,2.07472E-05,7.75356E-06,41.27661601,1.063361686,56.36846455,0.681915646,15.09184854,1.263228809
T230G,2.01392E-05,5.25689E-06,44.52315709,0.793720378,60.59763494,0.501428437,16.07447785,0.938841049
T231A,1.64226E-05,4.20439E-06,40.81536359,0.794615546,56.9900591,0.479430195,16.1746955,0.928044815
T231C,1.48522E-05,6.40363E-06,47.37382441,1.028620556,59.55110212,0.586193102,12.17727771,1.183926772
T231G,1.23001E-05,4.01803E-06,45.56686509,0.781885743,57.60100752,0.441008334,12.03414244,0.897682386
T232A,2.02225E-05,4.61121E-06,44.72102746,0.728129058,61.43771628,0.447982809,16.71668882,0.854903809
T232C,2.08569E-05,5.82303E-06,39.14866825,0.869476523,55.53467782,0.543799561,16.38600957,1.025527857
T232G,1.63073E-05,3.64661E-06,51.57567587,0.573252401,64.61288962,0.329550622,13.03721375,0.661227591
T233A,2.11544E-05,2.42912E-06,38.64504251,0.403709567,57.22716253,0.255946158,18.58212002,0.478006119
T233C,2.11848E-05,3.05208E-06,38.70806954,0.467332424,55.93261215,0.297135806,17.22454261,0.553795342
T233G,1.72831E-05,2.77139E-06,37.65011645,0.59173626,57.14742978,0.365837808,19.49731332,0.695693253
T234A,2.16886E-05,4.66836E-06,47.94256048,0.539424591,61.02344452,0.335019506,13.08088404,0.634993668
T234C,1.86758E-05,2.59118E-06,36.14215346,0.468767514,54.15347469,0.296602708,18.01132124,0.554721685
T234G,1.74513E-05,3.99257E-06,38.9725345,0.812628121,57.60441662,0.49759774,18.63188212,0.952873535
T235A,1.95771E-05,5.77252E-06,33.70055483,0.952179876,51.08875603,0.609737407,17.38820119,1.130675117
T235C,1.91106E-05,4.36008E-06,34.62826684,0.72674832,51.6863101,0.466387159,17.05804326,0.863527708
T235G,1.69574E-05,7.5501E-06,40.5249271,1.162915447,54.23094685,0.703018936,13.70601975,1.35889954
