,Reps,K,K_SD,Ymin,Ymin_SD,Ymax,Ymax_SD,Amp,Amp_SD
WT,2.0,0.00027605399999999997,8.660000000000015e-07,35.77793392,1.4254803500000008,60.733713265,1.4650903349999993,24.955779345,0.03960998499999846
A8C,2.0,0.000742446,0.00018852000000000007,23.969891645,1.282937135000001,36.121668675,2.053251865,12.151777030000002,0.77031473
A8G,2.0,0.0016313825,0.00043370950000000007,21.626670779999998,1.3224340600000009,34.98994763,2.2370028499999997,13.36327685,0.9145687900000006
A8T,2.0,0.0020681165,5.247850000000007e-05,25.20389902,1.009228649999999,31.878607605,2.4702709350000003,6.6747085859999995,1.4610422869999997
C9A,2.0,0.000493309,0.00011844899999999999,31.30435326,0.3950918699999999,59.031794215,1.824574505000001,27.727440960000003,1.4294826300000008
C9G,2.0,0.001288812,0.0002167740000000001,26.096856515,1.4172148750000009,55.466479995,1.6262418150000002,29.36962348,0.20902693999999933
C9T,2.0,0.0009912179999999999,0.00014118400000000004,26.667052939999998,1.227536429999999,51.004321935,1.8985013550000005,24.337268995,0.6709649249999998
A10C,2.0,0.00047584349999999994,3.766349999999999e-05,26.38148095,0.9025986500000016,49.285010155,2.4734586249999992,22.9035292,1.570859969999999
A10G,2.0,0.000360815,2.6169999999999514e-06,32.58289424,0.8090387800000016,58.47802905,1.0265603600000013,25.895134810000002,0.21752158000000144
A10T,2.0,0.0005376705,3.723249999999995e-05,26.47697681,1.170573619999999,54.814467385,1.9624967649999974,28.337490574999997,0.7919231450000002
G11A,2.0,0.0005607125000000001,0.00010851949999999996,21.978000475,1.6094790250000006,38.707767815,2.5589438850000015,16.72976733,0.94946486
G11C,2.0,0.000263721,9.101699999999999e-05,18.638304745,0.6314409249999997,30.474814145,1.7765053550000012,11.8365094,1.1450644300000006
G11T,1.0,0.00020794,4.8599999999999995e-05,30.212318525,1.2663404464999999,39.72803623,0.44177676200000005,12.28941612,0.665682445
C12A,2.0,0.0005122690000000001,6.2840000000000105e-06,18.404468180000002,1.6665985599999988,27.799154125,2.9216060650000006,9.394685938999999,1.2550075010000006
C12G,2.0,0.00041365650000000005,1.9112499999999983e-05,30.0699037,1.6254984300000004,42.89730238,2.4249474100000015,12.827398684999999,0.7994489850000006
C12T,2.0,0.0002942665,1.939449999999998e-05,30.645046335,1.3093884550000006,57.12507039,1.518560909999998,26.480024055,0.20917245499999915
A13C,2.0,0.00015589,8.920000000000043e-07,20.960295475000002,0.7674382949999998,30.33145172,2.94141222,9.371156248,2.173973922
A13G,2.0,0.0002749675,1.1199499999999993e-05,29.21771914,1.8863863300000006,57.72876159,1.74037182,28.511042449999998,0.14601450999999877
A13T,2.0,0.00040471150000000004,2.396349999999998e-05,25.045308095,1.2386998550000001,41.885367114999994,2.3376679950000003,16.840059019999998,1.0989681399999993
A14C,2.0,0.00041036,3.7380000000000106e-06,27.097484525,1.459781005,45.933812105,1.8654363849999989,18.836327585,0.4056553850000011
A14G,2.0,0.000167702,3.3359999999999965e-06,34.598894875,0.772967825000002,58.452268455,1.9964878850000005,23.853373575,1.2235200650000007
A14T,2.0,0.000295427,3.5628999999999994e-05,29.503325349999997,1.1899876000000003,52.98550883,2.0798994099999994,23.48218348,0.889911810000001
G15A,2.0,0.00046363,3.0178000000000008e-05,20.823928064999997,1.9073163050000002,31.215394725000003,2.6988393750000004,10.3914666605,0.7915230694999993
G15C,2.0,0.0002732805,8.434049999999999e-05,19.114390035,1.3708714449999988,29.245701269999998,2.777149239999998,10.131311231,1.4062777989999997
G15T,2.0,0.0003499465,1.7047499999999996e-05,26.418696845,1.392802005,40.438947604999996,1.9602423350000002,14.020250755,0.5674403349999997
G16A,2.0,0.0007454545,2.7429499999999992e-05,32.791223265,1.0234496550000003,58.46677143,1.5460359100000005,25.675548159999998,0.5225862500000016
G16C,2.0,0.0005739375,0.00014075949999999994,20.24121572,1.9443353099999996,29.929679415000003,1.9589984050000009,9.688463693500001,0.014663090500000031
G16T,2.0,0.0002997225,6.535500000000012e-06,38.40107806,1.200632129999999,53.3198361,2.0797864999999973,14.918758045,0.8791543749999997
G17A,2.0,0.0026112595,0.0015553185,24.64780497,1.5151245700000011,32.095910035,2.1938949450000003,7.448105061,0.6787703789999995
G17C,2.0,0.000540172,0.00028654799999999997,18.97666989,1.431910219999999,24.19679795,2.0671215600000004,5.220128063,0.6352113399999997
G17T,2.0,0.0007411845,0.0002776065,23.07027425,1.4261859399999999,33.953906419999996,2.2277209300000003,10.88363217,0.8015349900000004
G18A,2.0,0.00030386,1.5384000000000014e-05,34.269890995,1.2868215449999987,49.90496159,1.8082183899999968,15.635070595,0.5213968449999999
G18C,2.0,0.00224755,0.0010380140000000003,19.404455275,1.2259134950000004,35.358641795,2.844258815,15.95418652,1.6183453200000004
G18T,2.0,0.0005039725,0.0002096895,29.287521485,0.10909882500000023,50.59054265,0.49894286999999693,21.30302117,0.6080416999999994
A19C,2.0,0.001637349,0.00018504000000000003,20.492520315,1.8008001950000008,35.44420651,1.215862989999998,14.951686195,0.5849372050000001
A19G,2.0,0.0011794385,0.0003061185000000001,25.762025735,0.7858567350000012,42.703001560000004,1.3863816400000033,16.940975825,0.6005249050000003
A19T,2.0,0.0017647029999999998,5.3914999999999974e-05,24.31982508,1.5188792200000005,41.370473205,2.281750995000003,17.050648125000002,0.7628717749999988
G20A,2.0,0.001258982,7.468399999999999e-05,21.75931423,1.617364010000001,41.09941073,2.0835985899999976,19.3400965,0.46623458000000007
G20C,2.0,0.0005865165,0.00026828050000000003,21.943293394999998,2.3133094849999996,36.150417655,2.5531796950000007,14.20712425,0.2398702100000003
G20T,2.0,0.0006539179999999999,9.098599999999999e-05,23.57024313,0.8190026100000001,42.33424084,0.28783750000000197,18.76399771,0.5311651099999999
A21C,0.0,,,22.433904905,0.5098494750000011,,,,
A21G,2.0,0.000424262,8.863200000000003e-05,24.638012295,1.1824168549999996,35.795466505,0.7264877750000025,11.157454205,0.4559290850000002
A21T,2.0,0.000917288,0.000585922,22.041027805,1.053662375,29.748013465,1.883508205,7.706985661000001,0.829845824
G22A,2.0,0.00044790149999999996,2.25805e-05,23.89470972,0.938310790000001,38.673917055000004,2.0228957749999985,14.779207334999999,1.0845849850000002
G22C,2.0,0.00068935,0.000385704,23.13378795,2.3141150799999988,34.35295046,2.476400569999999,11.219162515,0.16228548499999906
G22T,2.0,0.00037508649999999996,0.00016576349999999999,24.83266052,0.9516810299999996,42.105068015,0.675675885000004,17.27240749,0.2760051499999996
A23C,2.0,0.00016323249999999998,2.1107499999999994e-05,30.435851225,0.07808701500000126,46.648387125,0.015281115000000511,16.2125359,0.09336813
A23G,2.0,0.0003285835,4.2301499999999995e-05,30.550992385,1.3258749250000008,47.92490041,1.6082667599999994,17.373908030000003,0.2823918400000007
A23T,2.0,0.00025288999999999997,8.592000000000002e-06,34.399282395,1.829004894999997,59.06984448,1.586279349999998,24.670562085,0.242725544999999
C24A,2.0,0.000327925,2.679000000000006e-06,31.20177108,0.8388174600000013,55.018630200000004,2.0540721499999997,23.816859119999997,1.21525469
C24G,2.0,0.00031417999999999995,2.9990000000000003e-05,24.552272405,0.8555714849999987,41.03575541,2.058159680000003,16.483483005,1.2025881950000006
C24T,2.0,0.000318405,4.9000000000012575e-08,34.65778485,1.0433050500000007,59.495478225,1.182944544999998,24.83769337,0.13963950000000125
C25A,2.0,0.000570173,0.00014612399999999997,20.088297735,0.9842334749999999,30.561342925,2.171689615000002,10.473045198000001,1.1874561419999994
C25G,2.0,0.0005395685,3.120849999999997e-05,21.661486815,0.5887290350000001,32.76696486,1.3490400199999986,11.10547804,0.7603109799999999
C25T,2.0,0.0003199005,2.420750000000003e-05,31.882328025,0.8501348149999988,54.341599185,1.3382998149999992,22.45927116,0.48816499999999863
T26A,2.0,0.000340678,1.1994999999999996e-05,31.585846355,0.5323863550000016,54.45026618,1.8265171999999978,22.864419830000003,1.2941308500000002
T26C,2.0,0.000357881,7.231699999999999e-05,21.672234885,0.7837366749999983,35.582264775,1.5649099150000012,13.910029895000001,0.7811732450000005
T26G,2.0,0.00035059699999999996,2.1805000000000012e-05,33.73213775,0.44954871000000196,57.72867371,1.0865620000000007,23.996535960000003,0.6370132900000005
G27A,2.0,0.0002932315,1.9344500000000004e-05,34.5212059,0.9262308200000007,59.587676125,1.4661750349999991,25.066470225000003,0.5399442150000002
G27C,2.0,0.0002841185,1.894249999999999e-05,31.00776534,1.7120118899999994,47.882696975,2.0015728149999994,16.874931635,0.28956092499999997
G27T,2.0,0.0003083405,5.0744999999999935e-06,33.01424765,1.1368544400000005,58.571758024999994,1.0888664749999997,25.55751038,0.04798797000000121
A28C,2.0,0.000245384,4.957e-06,35.40734138,0.7763798599999987,61.253182925000004,1.146355064999998,25.845841545,0.36997520499999936
A28G,2.0,0.000329339,7.742999999999997e-06,36.166733074999996,0.4940784950000001,60.826533065,1.049054544999997,24.659799995,0.5549760550000009
A28T,2.0,0.0002677785,3.294999999999839e-07,35.752469675,1.3728913850000026,60.7796164,1.4748951199999993,25.027146725,0.10200373500000026
C29A,2.0,0.0002455545,4.7824500000000016e-05,32.71104251,0.7377505700000012,57.39482374,0.7269064199999988,24.683781234999998,0.010844154999999134
C29G,2.0,0.00036087200000000004,5.507100000000004e-05,20.112730374999998,0.6038783849999998,29.646366595,1.7712148550000002,9.5336362175,1.1673364725000006
C29T,2.0,0.000309633,3.7537e-05,33.311592469999994,0.7820931800000004,55.10119804,1.43409312,21.78960557,0.6519999399999996
C30A,2.0,0.00025534850000000003,2.397650000000001e-05,25.004867765,0.6649390050000008,37.19113995,1.0875940499999999,12.186272185,0.42265504500000084
C30G,2.0,0.000452879,6.700499999999997e-05,20.992406045000003,0.31737082499999936,29.566834365,1.4544580149999984,8.574428315999999,1.1370871930000002
C30T,2.0,0.000307432,4.3443e-05,30.673762070000002,0.7727901299999989,50.347575975,1.312806774999995,19.67381391,0.540016640000001
G31A,2.0,0.00025993649999999995,3.9701499999999986e-05,40.514050170000004,0.5440575899999978,60.754251569999994,0.9569662799999996,20.240201399999997,0.4129086900000001
G31C,2.0,0.0003619645,2.7171499999999996e-05,38.721017655,1.2123845650000007,62.82382407,0.45613611000000276,24.102806415,0.7562484550000015
G31T,2.0,0.0002531485,2.7689499999999996e-05,45.893820094999995,0.9118801550000022,67.49718395,0.33295709000000073,21.603363854999998,0.5789230649999997
A32C,2.0,0.000158787,5.5259e-05,31.670787945,0.3557699050000007,51.04188863,0.6096044899999988,19.371100685000002,0.2538345849999999
A32G,2.0,0.00027568099999999995,4.25999999999999e-06,34.91149378,1.2411510999999997,60.13175962,1.4073782300000026,25.220265845,0.16622712499999892
A32T,2.0,0.00025396649999999995,1.9205000000000166e-06,35.281836995,1.1348709049999997,59.844564245,1.3831018650000004,24.562727255,0.24823096499999941
A33C,2.0,0.00028987649999999995,2.948499999999994e-06,35.84181624,1.6464060599999968,61.5791148,1.1989895100000005,25.73729856,0.4474165499999998
A33G,2.0,0.000246633,2.4296e-05,34.697738645,1.281046315000001,60.61357104,1.1206421900000016,25.91583239,0.16040412999999987
A33T,2.0,0.000281311,2.629000000000002e-05,35.62056868,1.5112956800000035,60.344744175,1.1367373649999983,24.724175494999997,0.3745583149999998
A34C,2.0,0.0002588575,5.223499999999981e-06,35.97803229,1.2066583500000014,61.61077312,1.5337800000000001,25.632740830000003,0.3271216500000005
A34G,2.0,0.000271564,2.217199999999999e-05,34.989712505,0.9586106550000011,59.788369794999994,1.644569035,24.79865729,0.6859583800000006
A34T,2.0,0.000282315,2.284000000000021e-06,35.795377165,1.891878245000001,60.255608365,1.3424243950000019,24.460231200000003,0.5494538500000008
A35C,2.0,0.00025238850000000005,2.8794999999999917e-06,37.84725897,1.4220923799999987,61.409917230000005,1.563224309999999,23.56265827,0.14113193000000024
A35G,2.0,0.00029312800000000003,6.2543e-05,35.554059464999995,0.8923347049999997,60.148800915,1.2462810950000005,24.59474145,0.35394639000000083
A35T,2.0,0.0002450215,1.7482499999999987e-05,36.55320912,1.35350648,60.379826875,1.4939292250000022,23.826617755,0.1404227450000004
C36A,2.0,0.000333102,9.223600000000003e-05,36.543126975,0.25655512499999844,61.587722275000004,0.6977728850000027,25.044595305,0.4412177649999993
C36G,2.0,0.00026302300000000003,3.0989999999999783e-06,35.448084525,1.4572767249999998,60.645565579999996,1.1364000099999991,25.197481055,0.3208767049999999
C36T,2.0,0.000266294,2.3063999999999995e-05,35.160095995,1.6105345349999993,60.26870827,1.59404344,25.108612280000003,0.016491090000000597
C37A,2.0,0.0002504505,2.2216499999999986e-05,34.697213684999994,0.7581396950000006,59.41406476,1.5831258800000008,24.716851075,0.8249861850000002
C37G,2.0,0.000308402,3.669999999999997e-06,33.649196185,0.01981367500000175,58.850848355,1.2484573849999983,25.20165217,1.26827106
C37T,2.0,0.0002660735,1.1361499999999996e-05,35.740748710000005,1.8113684499999998,61.13047145,1.420780709999999,25.389722735,0.3905877449999995
T38A,2.0,0.00027125,3.552999999999998e-06,35.44094277,1.1600939300000022,60.803542335,1.2913367750000013,25.36259956,0.13124283999999875
T38C,2.0,0.0002990255,4.702950000000001e-05,34.593645949999996,0.6457743299999983,57.9950934,1.308431859999999,23.401447445,0.6626575250000002
T38G,2.0,0.0002113895,7.135450000000002e-05,34.880027935,0.916996675,56.316076224999996,1.1327148749999978,21.436048290000002,0.21571819999999953
C39A,2.0,0.000266259,8.095999999999998e-06,35.82372843,1.1422867399999994,60.419916060000006,1.5568451000000003,24.59618763,0.4145583600000009
C39G,2.0,0.000307738,7.716000000000005e-06,31.847239905000002,0.8832095350000007,52.98062614,1.6874732100000003,21.133386235,0.8042636750000014
C39T,2.0,0.000255305,1.2574000000000005e-05,35.468254529999996,1.039373010000002,60.007361145000004,1.0906651349999983,24.539106615,0.05129211500000075
G40A,2.0,0.00029453149999999996,3.08645e-05,37.63336245,0.7525363199999973,60.636927535,1.3188839350000023,23.003565090000002,0.5663476200000002
G40C,2.0,0.0001187525,3.6152499999999996e-05,38.262271755,1.1949617550000013,59.244287295,0.8842763749999989,20.98201554,2.0792381300000002
G40T,2.0,0.0002763835,3.0464499999999993e-05,35.258905174999995,0.4700607949999984,56.30608409,0.9936054100000007,21.047178914999996,0.5235446150000005
G41A,2.0,0.0002799695,2.7565499999999992e-05,34.792997850000006,0.89946342,57.293342235,0.8974943650000036,22.50034438,0.00196905000000136
G41C,2.0,0.0002682135,5.106550000000001e-05,34.792424255,1.1182535749999971,57.504076569999995,0.9607358400000017,22.711652309999998,0.15751773000000036
G41T,2.0,0.000265118,2.450999999999994e-06,36.08725595,1.3514817900000011,61.65803887,1.6836032900000006,25.57078292,0.3321214999999995
G42A,2.0,0.0002789865,2.5453499999999996e-05,36.62177751,1.740666919999999,61.73522283,1.893299110000001,25.113445315,0.15263219499999892
G42C,2.0,0.0002570095,3.180750000000001e-05,35.276466275,1.3819052549999995,57.424095845000004,0.0823263550000064,22.14762957,1.4642316099999988
G42T,2.0,0.00026599400000000003,1.3445000000000004e-05,35.27122754,2.4732664699999987,60.219099535,1.7742917250000012,24.947871990000003,0.6989747499999996
A43C,2.0,0.00017812950000000002,2.4475000000000066e-06,34.003298075000004,0.5227706250000033,60.13605015,2.3799544600000004,26.132752075,1.8571838449999998
A43G,2.0,0.00025209150000000003,3.0805000000000123e-06,35.715307935,0.9979087249999985,60.314576285,1.2344390350000012,24.599268345,0.23653031499999955
A43T,2.0,0.0002508935,1.9532499999999996e-05,36.453318425000006,1.2406661250000006,61.314162315,1.0853178150000033,24.860843889999998,0.15534830999999905
T44A,2.0,0.0002465135,2.4519499999999995e-05,35.936479545,1.1024367049999988,61.45927759999999,1.2807592999999997,25.52279805,0.1783225899999987
T44C,2.0,0.0002958795,2.5567500000000002e-05,35.504649845,1.9052372349999978,60.442165669999994,1.7742168299999967,24.937515825,0.13102040499999923
T44G,2.0,0.000195531,3.409100000000001e-05,36.395817815,1.453184425,61.146802555,2.0226843149999993,24.75098474,3.4758687299999984
A45C,2.0,0.00025036650000000003,6.28675e-05,35.137589680000005,0.5434702899999984,61.166491445000005,2.434994905,26.028901765,1.8915246050000007
A45G,2.0,0.000296143,5.988999999999973e-06,35.575059525,1.342691754999997,59.78068498,1.5602568800000043,24.205625455,0.21756512500000014
A45T,2.0,0.00026879599999999997,2.4141999999999973e-05,36.189539395,1.7075317349999999,60.44482729,1.3569734200000028,24.2552879,0.35055831000000026
C46A,2.0,0.000262009,6.163000000000002e-06,36.008804995000006,0.5416369150000016,60.560478630000006,1.3233418300000004,24.551673635,0.7817049149999988
C46G,2.0,0.00023747299999999998,1.5022000000000006e-05,32.474876705,0.8361540349999999,51.219941765,1.0241005250000015,18.74506506,0.18794648999999986
C46T,2.0,0.00027563450000000003,8.908499999999998e-06,35.693625620000006,1.2386184500000006,60.899576695,1.2905281350000024,25.20595108,0.05190969000000045
A47C,2.0,0.00035829449999999995,1.2857499999999997e-05,33.29224042,1.8288924200000007,56.606125925,1.2292328149999996,23.313885505000002,0.5996596050000012
A47G,2.0,0.000268467,3.2533999999999984e-05,35.784684084999995,1.034438814999998,60.5987439,1.28902493,24.814059815,0.2545861150000004
A47T,2.0,0.0003036195,2.071849999999998e-05,30.045796844999998,0.40818078500000077,53.770508655,0.6534505750000008,23.724711810000002,0.24526979000000004
G48A,2.0,0.000236293,4.5095e-05,23.344834505,0.8085109150000012,28.400169535,1.0752896549999988,5.0553350295,0.26677873949999986
G48C,0.0,,,20.369595474999997,0.5723417749999999,,,,
G48T,2.0,0.00019903800000000001,3.0279e-05,25.03034282,0.5998095599999989,31.571299940000003,0.12820894999999943,6.540957121,0.728018514
G49A,2.0,0.000295648,4.056599999999999e-05,26.669572835,0.8320593649999992,38.30108025,0.9423463500000011,11.63150742,0.1102869799999997
G49C,2.0,0.00011620450000000001,9.80045e-05,21.522027095,1.1868021849999995,30.533736195,2.9259954949999987,9.011709099499999,1.7391933105000001
G49T,2.0,0.0002951435,3.312349999999998e-05,29.999476185,0.360912055,45.258740885,0.5118706350000011,15.259264694999999,0.15095857499999976
C50A,2.0,0.00025660099999999996,6.428999999999989e-06,32.378562585,1.2092993350000008,56.597195174999996,2.0753579150000014,24.218632585,0.8660585749999985
C50G,2.0,0.000291559,4.8784e-05,29.703122649999997,1.4989777600000007,49.090395605,1.7934321450000006,19.387272955,0.2944543849999999
C50T,2.0,0.000354391,1.1477999999999987e-05,25.023069809999996,0.5794110899999989,39.365368055000005,1.2168206149999996,14.342298249999999,0.6374095300000002
G51A,2.0,0.000181404,2.7649000000000006e-05,18.75993662,0.8122547000000004,23.433145754999998,0.8548123950000015,4.6732091335,0.04255768850000008
G51C,0.0,,,20.39327583,1.1911386499999992,,,,
G51T,2.0,0.00021098900000000002,0.00010388800000000002,22.555426785,0.8319429349999989,27.828448955,0.0656125749999994,5.273022174499999,0.8975555075000003
C52A,0.0,,,20.470872205,0.8838550450000007,,,,
C52G,1.0,0.000260535,0.00017208900000000003,21.984026565,1.418051384,30.35105333,0.702887081,6.685718452000001,1.029354285
C52T,1.0,0.00012528799999999998,6.0299999999999995e-05,22.15720223,0.5259669975,25.2573218,0.299064643,4.458641171,0.500544808
C53A,0.0,,,17.74112921,1.3068747800000011,,,,
C53G,0.0,,,17.88192619,0.5870860899999997,,,,
C53T,2.0,0.0001684275,2.6740499999999986e-05,19.60447232,0.35978088000000064,25.48097689,1.0593601600000007,5.8765045670000005,0.6995792789999999
G54A,2.0,0.000276064,3.340199999999999e-05,28.619633829999998,1.0864238400000001,43.46633487,1.8596093799999984,14.846701045,0.7731855450000005
G54C,2.0,0.00038056,6.425099999999998e-05,22.73303815,0.5724977199999994,36.69709616,1.7907389299999998,13.964058015,1.218241205
G54T,2.0,0.000473922,0.00014121300000000003,25.696073165,0.27679160499999966,48.164554865,0.3396997449999972,22.468481699999998,0.6164913499999987
A55C,0.0,,,19.72564836,1.8913230900000002,,,,
A55G,2.0,0.003096122,0.0005424900000000001,24.19593793,1.0553040399999993,40.51357964,2.55527511,16.31764171,1.4999710700000009
A55T,2.0,0.001405171,0.000298614,20.939058285,0.6314012249999994,32.63238022,1.27912989,11.69332193,0.6477286699999993
A56C,2.0,0.000511995,4.2969000000000015e-05,32.53403809,2.1282890299999995,60.182143685,1.8277483749999988,27.648105595,0.30054065499999894
A56G,2.0,0.0005929555,0.0002332485,24.7155983,0.6921872799999989,43.912035155,0.3149357550000005,19.19643686,1.0071230399999997
A56T,2.0,0.00024045749999999997,1.9322499999999997e-05,31.553342009999998,2.6753203799999987,52.89544541,2.7922376699999987,21.3421034,0.11691728999999995
G57A,2.0,0.002542294,0.000933508,19.232030755,1.2175160050000002,36.558653344999996,2.5072275450000028,17.32662259,1.289711539999999
G57C,2.0,0.0035933815000000003,0.0001436905000000001,20.86337324,1.350941390000001,35.65104934,0.4979818999999992,14.7876761,0.8529594899999999
G57T,2.0,0.0005528815,7.927650000000004e-05,24.29313674,0.6636374299999996,41.810409115,1.0990475750000002,17.517272374999997,0.4354101450000005
G58A,2.0,0.000641892,2.081400000000002e-05,26.013585315,0.8335272549999999,42.86628427,1.6358861100000013,16.852698955,0.8023588549999996
G58C,2.0,0.0033857695,0.0014583375000000003,22.41068544,0.5425525199999992,43.29259567,1.234978309999999,20.881910230000003,0.6924257899999997
G58T,2.0,0.0005114155,0.0002515425,26.0637362,0.24247927999999952,42.890446479999994,0.6115648199999946,16.82671028,0.3690855400000004
A59C,2.0,0.0008171995000000001,0.00040675149999999996,20.60551009,1.9565523099999993,28.948322949999998,1.3081481999999998,8.34281286,0.6484041079999998
A59G,2.0,0.00014785299999999998,2.4167e-05,40.706869319999996,1.4091199099999976,50.14314272,1.334742460000001,9.436273403,0.0743774540000004
A59T,2.0,0.0002256475,4.167750000000001e-05,26.9377775,0.8436436,39.43355697,0.8289753100000006,12.495779474999999,0.014668284999999948
G60A,2.0,0.0026466935,0.00023019449999999993,21.582042219999998,0.2650121400000014,37.448754879999996,0.6885166399999996,15.866712660000001,0.42350450000000084
G60C,2.0,0.0016731760000000002,0.00017632399999999995,21.334375975,0.7436619150000006,30.19095454,0.894458199999999,8.856578562,0.15079628900000053
G60T,2.0,0.0014463804999999999,0.0006203294999999999,23.2480881,0.7177061900000012,39.51126022,1.33186113,16.263172115,0.6141549449999992
C61A,2.0,0.0019366890000000001,0.00043455199999999994,21.95918318,1.349963670000001,52.41557779,2.685793580000002,30.45639461,1.335829910000001
C61G,2.0,0.0018528870000000001,0.00013835500000000005,21.13488342,1.0744439299999993,50.903955695,2.0148282250000022,29.769072275,0.9403842949999994
C61T,2.0,0.0021130955000000003,2.5583499999999983e-05,21.83615933,0.6508131899999992,54.669383385,1.7576595249999976,32.833224055,1.106846335000002
A62C,1.0,0.00042342300000000003,0.000227655,27.02100017,1.1408510025,30.91769131,0.367448076,4.092911459,0.518155267
A62G,2.0,0.007771805,0.0011363169999999995,20.59109907,0.771011249999999,33.179827235,1.304746204999999,12.588728165,0.5337349550000008
A62T,2.0,0.0158092165,0.0038222195000000014,21.953704585,0.3738182949999995,34.210533255,0.567413694999999,12.25682867,0.19359540000000042
A63C,0.0,,,17.863875845,0.5473512750000005,,,,
A63G,2.0,0.004922716000000001,0.0007434020000000002,19.29489537,0.7505383900000009,34.13904385,1.1424335199999973,14.844148475,0.3918951349999995
A63T,2.0,0.005132099500000001,6.380250000000013e-05,18.915901145,1.0454854050000009,46.269556019999996,1.9442090500000013,27.353654875,0.8987236450000005
A64C,2.0,0.000176386,5.5242000000000004e-05,22.47620576,0.5585122899999995,32.22131394,0.12674777999999876,9.745108182,0.6852600680000007
A64G,2.0,0.000325922,4.2689999999999986e-05,34.65850111,1.225784100000002,57.74177424,1.1740412499999984,23.08327313,0.05174285000000012
A64T,2.0,0.001533136,4.3416000000000114e-05,22.038345605,0.7495973949999986,51.977209805,1.852510204999998,29.9388642,1.1029128099999994
C65A,2.0,0.0012494329999999999,0.00011000600000000006,20.121445004999998,1.1245864150000013,56.39201191,0.8642290000000017,36.270566904999995,0.26035741499999787
C65G,2.0,0.0015942880000000001,7.991400000000005e-05,19.790546974999998,1.1593371749999992,56.567031555,1.2449677950000009,36.776484585,0.08563061499999947
C65T,2.0,0.0006066155,6.945049999999999e-05,25.787600695,0.005243085000000036,60.290103495,0.3912467349999993,34.5025028,0.3964898199999993
T66A,2.0,0.00029040299999999995,1.2782e-05,33.52046859,1.3005108199999995,62.0860386,0.8134516100000013,28.565570004999998,0.4870592150000004
T66C,2.0,0.000350638,2.7757999999999987e-05,35.595487835,1.2303818150000012,62.07426357,1.9969412399999982,26.478775735,0.7665594250000005
T66G,2.0,0.00026586000000000003,3.8088000000000005e-05,29.475084969999997,1.297926200000001,47.906760565,1.247032175000001,18.431675595,0.05089402499999984
G67A,2.0,0.000284001,1.435600000000001e-05,36.53712083,0.8790768200000016,59.87239285,1.3406921900000022,23.335272019999998,0.46161536999999875
G67C,2.0,0.0002569205,2.0767500000000007e-05,23.243579399999998,1.1222244000000003,29.81401963,0.6834804800000001,6.570440230000001,0.43874391899999976
G67T,2.0,0.00030659000000000003,2.3600000000000004e-05,31.331702704999998,0.4523543549999989,53.015499995,1.0436138350000022,21.68379729,0.5912594799999997
C68A,2.0,0.0001479535,2.3968499999999993e-05,47.064019439999996,1.3100881400000013,64.51646007,1.2223940900000017,17.452440629999998,0.08769405000000141
C68G,2.0,0.000227334,1.0489e-05,53.466858009999996,0.45461053000000007,67.82476532999999,1.205580849999997,14.357907319999999,0.7509703199999995
C68T,2.0,0.0002230285,2.4432499999999994e-05,38.47345791,0.9712932300000006,62.69086858,1.1848118999999997,24.217410675,0.21351866499999872
G69A,2.0,0.000337719,3.9689999999999994e-05,35.684972665000004,0.9711925449999974,58.283277465,1.8502249249999991,22.598304804999998,0.8790323850000004
G69C,2.0,0.000266244,1.264699999999999e-05,36.817455190000004,1.6116394099999987,58.607820350000004,1.2572351499999996,21.79036516,0.354404259999999
G69T,2.0,0.000262381,5.351999999999972e-06,34.919857730000004,0.8544193,61.0843682,1.7468249799999995,26.16451047,0.8924056799999995
G70A,2.0,0.00027048299999999996,3.280000000000001e-05,37.720269125,1.3349147549999998,55.686351515,1.7033735949999986,17.96608239,0.36845883999999884
G70C,2.0,0.00039517450000000004,8.794999999999973e-07,37.395176385,1.5571447849999984,57.237693,1.9110753599999981,19.842516619999998,0.35393057000000105
G70T,2.0,0.000278508,2.6943000000000003e-05,37.82896065,1.55740033,58.229709244999995,1.6083087349999978,20.400748595,0.05090840500000127
A71C,1.0,0.000351623,0.00030494,22.7404934,0.946512731,27.06554819,0.7193473890000001,5.071241194,1.03493349
A71G,2.0,0.00028156350000000004,3.801350000000001e-05,26.125682910000002,1.1482873099999988,34.30812725,1.6716623999999989,8.1824443425,0.5233750874999998
A71T,2.0,0.0003843215,1.7815499999999972e-05,30.219010134999998,1.4134010449999987,50.953303025,1.483765584999997,20.73429289,0.07036453999999992
G72A,2.0,0.0015980209999999998,4.9358000000000106e-05,20.841763125,1.0870960650000008,50.478120075,1.8678392050000028,29.636356955,0.7807431350000016
G72C,2.0,0.0022270945,0.0003304505000000001,19.913769395,1.1362039149999994,51.897817329999995,2.4286331499999996,31.98404794,1.2924292299999998
G72T,2.0,0.0016946474999999998,0.0003474814999999998,23.836998375,0.888029285,48.100677615,1.354335485,24.263679245,0.4663061949999996
T73A,2.0,0.0008120205,8.49415e-05,21.281642795,0.6293630649999997,56.0257626,1.097839839999999,34.74411981,0.4684767700000023
T73C,2.0,0.0003941285,4.256250000000001e-05,30.132925755000002,1.6477329650000012,56.376655670000005,1.3259848400000003,26.24372991,0.3217481299999996
T73G,2.0,0.0009516975,3.152649999999999e-05,22.106210949999998,0.8960615500000007,56.943544495,2.703847894999999,34.837333545,1.8077863449999967
G74A,2.0,0.0023529455,0.00020872050000000008,20.647522600000002,0.9484205899999996,50.594733770000005,2.0441177500000016,29.94721117,1.0956971600000003
G74C,2.0,0.0012991370000000001,0.00010604599999999994,21.86543554,0.6428296200000005,50.357148949999996,1.3012923700000023,28.491713410000003,0.65846275
G74T,2.0,0.000859666,3.753599999999996e-05,25.29023273,0.0987092900000004,52.973874499999994,1.0028097500000008,27.683641764999997,1.1015190350000008
A75C,0.0,,,19.72969364,2.454920210000001,,,,
A75G,2.0,0.0037640950000000003,1.3329999999999982e-05,20.030406544999998,0.6485434849999994,31.55803586,1.5998122300000013,11.527629315,0.9512687450000001
A75T,2.0,0.011156217,0.001876656,18.889084505,0.7708753550000012,32.361479605,1.553821495000001,13.4723951,0.78294614
A76C,2.0,0.0054011535,0.0008832214999999997,24.95984737,0.6652955299999981,46.8897597,1.2878135799999981,21.929912325,0.6225180449999996
A76G,0.0,,,19.27682999,0.883603879999999,,,,
A76T,0.0,,,18.33603458,0.6789670100000009,,,,
T77A,2.0,0.006691149,0.0012957990000000003,30.680680535,0.8643390550000003,56.271917759999994,0.7829488500000004,25.591237225,0.08139020499999994
T77C,2.0,0.009270295500000001,0.0053271105,25.371762435,0.49367250499999926,43.62510557,1.123034539999999,18.253343129999998,1.6167070399999997
T77G,1.0,0.008447906,0.002481206,18.779205745,0.6097195499999999,30.30777486,0.840254693,10.71627186,0.881239232
C78A,2.0,0.010011936499999999,0.0019852624999999987,19.825312779999997,1.05029487,31.250240090000002,2.1651872800000014,11.424927305,1.114892405
C78G,0.0,,,19.342617245,0.990190235,,,,
C78T,2.0,0.000143781,1.8310000000000033e-06,19.812290035,1.0144840349999988,23.98623839,0.8432163499999987,4.173948358500001,0.1712676824999999
T79A,2.0,0.004759909,0.0004406560000000002,18.73217622,1.0859545300000004,24.535419644999998,0.9897732850000001,5.803243432,0.09618124299999975
T79C,2.0,0.0007824170000000001,2.4279000000000043e-05,20.680296284999997,0.9691913450000005,27.808288779999998,0.42448834999999896,7.127992493000001,0.544702993
T79G,2.0,0.002001821,0.00031163000000000013,18.06555366,0.9598492200000006,32.51925407,1.7425432000000018,14.453700399999999,0.7826939800000003
C80A,2.0,0.001013874,0.00011494000000000001,26.652081780000003,0.9559954800000003,49.722314505,1.6406316249999975,23.07023273,0.6846361499999993
C80G,2.0,0.00108451,5.0228000000000035e-05,24.655837679999998,1.3713257999999993,47.188264675,1.2426787049999994,22.532427,0.1286470899999994
C80T,2.0,0.000247086,3.537199999999997e-05,37.02834109,1.1128105999999995,57.0496253,1.2008583900000005,20.02128421,0.08804779000000096
G81A,2.0,0.000289267,2.3949999999999796e-06,32.68018586,1.3656295899999993,61.229655775,1.6275719150000008,28.549469915,0.2619423249999997
G81C,2.0,0.007360449999999999,0.0005413449999999999,19.948724555,1.0769032650000003,52.295900015,2.952552394999998,32.347175465,1.8756491350000015
G81T,2.0,5.525e-05,6.949999999999996e-06,28.179848865,0.5454548949999989,58.4340196,1.62145765,30.25417074,1.0760027500000007
C82A,2.0,0.0030705769999999997,0.0008642389999999999,23.70820632,1.10568825,47.71393284,1.3727804600000013,24.00572652,0.2670922100000013
C82G,2.0,0.0050768245,0.00043662150000000005,23.62502012,1.0519683999999998,43.85281583,1.7834861299999965,20.22779571,0.7315177300000002
C82T,2.0,0.0019184410000000001,0.00016241600000000008,22.717405655,0.6173232950000003,47.755353185000004,1.7798160349999996,25.03794753,1.1624927400000011
A83C,2.0,0.000769766,0.00017441400000000001,22.31824159,0.15380773000000048,47.01149427,1.9801986100000022,24.69325268,1.8263908799999982
A83G,2.0,0.0003142915,1.3854499999999974e-05,28.67673821,1.088622430000001,55.000644005,1.0742616050000002,26.323905795,0.014360824999998911
A83T,2.0,0.0002363495,6.598500000000001e-06,30.397466395000002,0.713056185000001,56.72257324,1.8108551800000008,26.325106845,1.0977989949999998
G84A,2.0,0.0022417685,0.00043076050000000025,18.749270715,0.9139724749999996,27.70223163,1.4278230200000017,8.9529609155,0.5138505424999993
G84C,2.0,0.0170054805,0.006153052499999999,19.386038865,1.0441142049999996,26.894126485,0.8322370150000005,7.508087625,1.87635122
G84T,2.0,0.0016319015,0.0011328975,19.72035443,1.4297773300000003,25.163442330000002,1.2343667800000002,5.4430879005,0.19541055249999983
G85A,1.0,0.000260331,8.63e-05,20.122301305,0.45516987,24.19023805,0.24895122,4.7731234769999995,0.36803857799999995
G85C,0.0,,,21.91683471,1.2053801499999999,,,,
G85T,2.0,0.0002766435,2.0300500000000013e-05,33.522151905,0.015585135000002026,53.41396203000001,4.643536770000001,19.891810125,4.6279516350000005
C86A,2.0,0.0001029935,2.2893500000000007e-05,20.530248765,0.9940421949999987,26.018480195000002,0.9120658250000009,5.488231434999999,0.08197637000000002
C86G,0.0,,,19.97831421,0.3922240600000002,,,,
C86T,2.0,0.00031067949999999997,4.7272499999999985e-05,27.957044590000002,0.9049621500000011,41.135773654999994,1.0631808249999999,13.178729064999999,0.15821867499999964
A87C,2.0,0.0002835025,7.395949999999998e-05,29.31387764,1.3125601600000003,43.47106465,1.414094979999998,14.157187005,0.10153482500000077
A87G,2.0,0.000275972,3.0804e-05,34.33117985,1.0049889800000003,59.672674205,1.6467023149999989,25.341494365,0.6417133349999986
A87T,2.0,0.000382668,1.6255000000000013e-05,31.43419687,1.3918223600000008,50.20358135,1.8313871499999976,18.76938449,0.43956479000000037
A88C,2.0,0.000183836,1.9936000000000007e-05,33.025200435,1.6422816750000013,52.606694239999996,1.729225170000003,19.5814938,0.08694348999999946
A88G,2.0,0.0002792745,1.7572499999999995e-05,34.03139035,0.945567539999999,57.420421954999995,1.5476014949999986,23.38903161,0.60203396
A88T,2.0,0.0003243655,1.2974499999999996e-05,29.81690417,1.2386795599999996,47.048578164999995,2.0594150649999996,17.231674005000002,0.820735505
A89C,2.0,0.000272763,6.4709999999999995e-06,31.07401345,1.4220096899999994,46.96124958,1.7448284800000025,15.887236135,0.32281878500000083
A89G,2.0,0.0002448595,2.90095e-05,30.849909955,1.4353573149999994,51.02667171,1.134479559999999,20.176761755,0.30087775500000014
A89T,2.0,0.00028557400000000003,4.6229999999999996e-05,28.196397330000003,0.9778950200000001,44.11203821,1.5193973000000014,15.915640884999998,0.5415022849999991
A90C,2.0,0.0002205975,5.72315e-05,36.367895100000005,1.7219414999999998,56.8502278,0.6109841399999993,20.4823327,1.1109573600000004
A90G,2.0,0.000274471,1.488800000000001e-05,33.140980049999996,1.0258472999999988,50.97815318000001,1.4721190499999999,17.837173135,0.4462717549999997
A90T,2.0,0.00022678900000000003,5.375100000000001e-05,36.08487691,0.8213706000000016,58.3866991,1.0237209599999986,22.30182219,0.2023503600000005
G91A,2.0,0.00042987,1.6519999999999903e-06,31.08816659,1.4315980800000006,52.508935969999996,2.1385236700000014,21.42076938,0.7069255900000009
G91C,2.0,0.0003566885,4.68035e-05,27.192671015000002,1.5650493150000013,44.390816275,1.1803500549999981,17.198145265,0.38469926500000007
G91T,2.0,0.000522751,9.243399999999999e-05,29.514796814999997,0.2714401249999998,49.783443825,0.9080558750000023,20.268647010000002,0.6366157499999989
A92C,2.0,0.00034437,1.2029000000000016e-05,32.17447269,2.1680203199999983,50.84332644,0.15890985000000057,18.668853755,2.009110464999999
A92G,2.0,0.0001120375,6.502500000000001e-06,40.79465093,0.8933995400000008,62.337323295000004,1.2237368149999988,21.54267237,0.3303372800000002
A92T,2.0,0.000330708,8.795200000000001e-05,35.974954499999996,0.939505399999998,59.716450019999996,0.006229289999996723,23.74149552,0.9457346900000001
A93C,2.0,0.0041965205,0.0018287005,21.20046945,1.3110096999999996,32.944980435000005,1.7270251350000017,11.744510995,0.41601543500000027
A93G,2.0,0.0006273805,1.688649999999998e-05,24.129143585,1.2712457950000005,35.731220699999994,1.6202764300000005,11.602077115,0.3490306350000001
A93T,2.0,0.0014163685,0.0002872924999999999,19.7314693,1.263231059999999,35.956934024999995,2.0396416650000013,16.225464725000002,0.7764106050000006
C94A,2.0,0.0087567635,0.0029941465000000002,19.384749194999998,1.1710550350000002,26.08761467,2.3136641200000003,6.7028654735,1.1426090875000003
C94G,2.0,0.000471002,0.000381602,18.847480490000002,0.6211952800000002,23.914012465,0.4804305850000006,5.0665319715,0.14076469849999995
C94T,2.0,0.000351629,4.1247999999999995e-05,27.12582132,1.270273509999999,43.014208999999994,1.8194082999999956,15.888387680000001,0.549134790000001
T95A,2.0,0.0017366725,7.38554999999999e-05,27.24814518,1.5981051799999992,49.121038865,1.5249908750000003,21.872893689999998,0.07311429999999852
T95C,2.0,0.0006882609999999999,1.353299999999998e-05,33.88828394,0.6157291600000008,58.945873025,2.1127019949999983,25.05758908,1.4969728300000007
T95G,2.0,0.003915035,0.00030335499999999994,27.250921945,1.7127670850000012,52.07024541,3.1899679499999998,24.819323465000004,1.4772008649999986
C96A,2.0,0.00037835250000000005,3.363449999999998e-05,18.898231425,1.6120057249999995,26.18846129,1.878220970000001,7.2902298640000005,0.26621523899999966
C96G,2.0,0.00011798600000000002,7.378600000000001e-05,17.635567695,0.4887770049999993,24.129892135,0.8351711450000003,6.494324442,0.34639414199999985
C96T,2.0,0.00046258599999999997,7.720999999999997e-05,22.89418811,0.8671324699999996,44.93683214,1.619009290000001,22.042644029999998,0.7518768200000014
T97A,2.0,0.00039516050000000004,0.0001048935,20.55171804,0.666294090000001,39.122567975,1.1059551150000004,18.570849935,0.4396610350000003
T97C,2.0,0.0003773895,8.346450000000001e-05,26.93519373,1.4433541399999985,35.74961612,1.4762555000000006,8.814422388499999,0.03290136149999956
T97G,2.0,0.0002577485,1.1039499999999995e-05,25.973547,0.8467253200000009,48.82572968,1.0894467399999996,22.852182685000002,0.24272141500000188
T98A,2.0,0.0005205285,4.064750000000003e-05,25.221662705,1.4569920650000014,45.17329753,2.0641477100000003,19.95163483,0.6071556499999993
T98C,2.0,0.000432882,9.204899999999997e-05,23.452927414999998,1.3242249049999995,37.59389063,1.2976798299999999,14.140963215,0.026545075000000473
T98G,2.0,0.0004033635,0.0001283395,26.53358544,0.8836849999999998,49.679466995,1.0629342550000018,23.14588156,0.1792492499999998
G99A,2.0,0.000655085,8.146800000000001e-05,26.707700535,1.1604090950000003,36.354011065,1.9077149849999984,9.646310525499999,0.7473058845000002
G99C,0.0,,,22.57042525,0.6140589799999994,,,,
G99T,2.0,0.00030199750000000004,0.0001338005,30.174475029999996,1.9687150599999992,45.492425925000006,0.7447388249999953,15.3179509,1.2239762300000008
C100A,2.0,0.0008018685,0.00010155750000000001,24.122704785000003,0.9252907449999999,43.96852581,2.240277670000001,19.84582103,1.314986919999999
C100G,2.0,0.0012701785,0.00017196149999999994,19.49049239,1.0101468900000015,44.344436685,0.9291733949999994,24.853944295,0.08097349499999851
C100T,2.0,0.00027357849999999997,1.80015e-05,32.59663161,1.412183360000002,56.307732785,1.7314020250000013,23.71110117,0.3192186699999997
T101A,2.0,0.0008933385,0.00015100849999999996,18.009674555,0.9133193750000004,44.71361636,1.5538318800000006,26.70394181,0.6405125100000006
T101C,2.0,0.000301299,2.9501e-05,31.347862765000002,1.4869701949999996,56.616791434999996,1.8635530649999978,25.26892868,0.37658287
T101G,2.0,0.001260695,0.000484406,18.90171767,1.447797510000001,44.54199672,2.088132799999997,25.640279055,0.6403352949999999
C102A,2.0,0.0006682050000000001,1.9861999999999994e-05,28.61042204,1.3344883799999998,54.243144515,2.008324105,25.632722475,0.6738357249999982
C102G,2.0,0.0007285305,6.947749999999998e-05,22.111310404999998,3.2203208350000008,52.060923900000006,2.3170418700000006,29.949613499999998,0.9032789599999997
C102T,2.0,0.00045593999999999995,4.854800000000001e-05,27.862095715000002,2.6323616649999995,55.134484995,2.763271435,27.272389275000002,0.130909775000001
G103A,2.0,0.000986533,5.823400000000005e-05,21.230099889999998,1.0165253699999983,48.511901785,1.6062426149999993,27.281801895,0.5897172449999992
G103C,2.0,0.0011309355000000002,0.00015104449999999998,19.160784624999998,1.0374926549999994,39.673654125,1.3016539449999982,20.5128695,0.26416129000000055
G103T,2.0,0.000407246,2.7614999999999985e-05,24.897890095,0.820042084999999,52.989298835,1.252968035000002,28.09140874,0.4329259499999996
A104C,1.0,0.000154748,0.000118768,23.413869495,1.1234641535,31.36097489,0.7393870090000001,6.277683572999999,1.1425001190000001
A104G,2.0,0.0049729349999999995,0.00027702900000000025,22.54698809,0.9190022100000004,33.999979955,1.7933058349999982,11.452991865,0.8743036249999996
A104T,2.0,0.0057977395,0.0036465755,21.59534293,0.8821926300000005,26.58209515,2.028972920000001,4.9867522175,1.1467802925000001
C105A,2.0,0.0023829125,1.1867499999999994e-05,23.645064885,0.7946730849999994,47.203210415,1.7054339749999983,23.558145529999997,0.9107608900000006
C105G,2.0,0.0012475585000000001,0.00013379850000000003,28.838957694999998,0.7198704550000006,49.42027432,1.3009673500000005,20.581316635,0.581096895
C105T,2.0,0.0014274869999999999,8.260400000000012e-05,23.62350884,1.03396328,48.985424175000006,1.657866975000001,25.361915335,0.6239036949999992
G106A,2.0,0.0044203555000000005,0.0007414664999999998,23.772029410000002,0.7878288999999992,41.09143192,2.1491112900000005,17.319402505,1.361282395
G106C,2.0,0.001430501,9.361000000000048e-06,22.93397521,1.26355841,36.12452465,1.3000575300000001,13.19054944,0.03649910999999939
G106T,2.0,0.0004336705,0.0001335625,24.68971769,0.1578496600000001,34.471922535,0.5277577649999969,9.7822048445,0.6856074254999998
C107A,2.0,0.001425876,0.000314596,26.774811999999997,1.4075145399999993,49.76086382,3.1283088899999996,22.98605182,1.7207943499999985
C107G,2.0,0.0021233995,0.0004375285,30.095129655,0.15725994499999985,44.71841078999999,1.6325476099999996,14.623281135,1.7898075649999994
C107T,2.0,0.0006613839999999999,2.8550000000000125e-06,27.083084045,0.8035586250000009,42.662739165,1.4752513150000013,15.579655129999999,0.6716926899999995
A108C,2.0,0.00034207750000000005,2.7465000000000117e-06,27.6089521,0.7365597299999997,48.24646748000001,1.0073827299999998,20.63751538,0.27082300000000004
A108G,2.0,0.0004138325,9.35435e-05,29.354313795,0.44119705499999995,55.80468627,0.9936389699999992,26.45037247,0.5524419199999997
A108T,2.0,0.000436689,1.0810999999999975e-05,26.139257075,1.1206812150000012,56.947085685000005,1.5394117750000014,30.80782861,0.4187305600000002
A109C,2.0,0.000256578,0.000140518,28.26298627,1.0107294400000004,35.140724275,2.208046624999998,6.877738003500001,1.1973171864999999
A109G,2.0,0.0005778935000000001,5.118049999999996e-05,30.792301545,1.0564217449999997,51.351707614999995,1.5129240450000019,20.55940607,0.4565022999999986
A109T,2.0,0.000386475,1.1523000000000045e-05,33.03910322,1.34515047,48.702994315,1.6870858849999983,15.663891095,0.34193541499999913
C110A,2.0,0.0053664705,0.0003112535000000002,15.451438005,0.7618197049999997,48.991297745000004,1.6841359550000021,33.539859745,0.9223162549999984
C110G,2.0,0.006317848000000001,0.0004217899999999996,17.39060133,0.2386893299999997,32.028630225,1.929889825,14.638028894999998,1.6912004949999995
C110T,2.0,0.0039306845,0.00012309149999999982,14.299529934999999,0.20443346500000015,43.67071912,2.4113313100000013,29.371189185,2.2068978450000003
T111A,1.0,0.00212711,0.001005634,13.083851225,0.303348895,16.424640300000004,0.239997945,2.418174108,0.274978538
T111C,0.0,,,16.847865395,0.1223413149999999,,,,
T111G,0.0,,,23.594716585,0.4399499250000005,,,,
C112A,2.0,0.0044753020000000004,0.00022137600000000012,17.410467765,1.005755924999999,27.901788715000002,1.420159825000001,10.49132095,0.41440389999999994
C112G,2.0,0.0086069135,0.0053511215,21.80571779,1.7057550900000003,33.64847734,3.911484030000002,11.8427595505,2.2057289395
C112T,2.0,0.0005706105,0.00012141450000000001,17.01630625,0.6698944000000004,23.03865534,0.16112579999999888,6.0223490900000005,0.5087686039999997
T113A,0.0,,,18.682443685,0.9234794750000006,,,,
T113C,1.0,0.000382268,0.00018796400000000002,18.489063575,0.43555503250000005,22.47284626,0.38539158799999995,4.7965544410000005,0.545497485
T113G,0.0,,,20.5184753,0.2700934499999992,,,,
G114A,2.0,0.0061592395,0.0003404574999999999,16.81012943,0.5565597099999984,27.176655115,1.352666825,10.3665256835,0.7961071165
G114C,0.0,,,26.926901004999998,0.15353569499999864,,,,
G114T,2.0,0.00017432800000000002,3.633899999999999e-05,17.97524274,0.37907234000000045,22.910059775,0.2619318150000005,4.9348170389999995,0.6410041550000001
G115A,2.0,0.0023085575,8.796650000000004e-05,24.93143115,0.6605407299999992,49.09184567,1.6246436099999997,24.16041452,0.9641028799999987
G115C,1.0,2.8899999999999998e-05,2.11e-05,17.61900562,0.832548054,22.19377498,0.48769838299999996,5.233797363,0.972362328
G115T,2.0,0.0017076605,0.00043149749999999993,28.253762455,0.16712536500000041,52.95216535,0.8828046900000004,24.69840289,0.7156793300000004
A116C,2.0,0.00035656399999999997,2.3957999999999976e-05,19.60495332,1.4112453699999996,31.701975215,6.929026085,12.097021893500001,5.517780716500001
A116G,1.0,0.00026712299999999997,9.329999999999999e-05,28.470372075,0.8693342050000001,34.90356713,0.38488675299999997,6.7791598639999995,0.549354751
A116T,1.0,0.00023521799999999998,9.279999999999999e-05,21.794226385,0.8812446195,33.80957151,0.6800516040000001,11.21889423,1.041516498
G117A,2.0,0.01635048,0.004381061999999999,28.09622273,1.1916753799999995,53.881749310000004,0.10675106999999784,25.785526580000003,1.08492431
G117C,0.0,,,51.46074117,2.5399882399999996,,,,
G117T,2.0,0.0003614385,2.294450000000001e-05,25.37049343,0.7279703700000013,34.04450248,0.04263075000000072,8.674009049,0.6853396150000002
A118C,0.0,,,25.588112325,1.7076849050000007,,,,
A118G,1.0,0.0013180779999999999,0.000680107,26.08465121,0.45064879999999996,29.57956114,0.470789237,4.8833794,0.579526595
A118T,0.0,,,23.199766335,1.1984744149999997,,,,
G119A,2.0,0.0167326075,0.0033709125,24.61824854,1.0554252099999992,41.225818770000004,0.3400133799999985,16.60757023,0.7154118300000007
G119C,1.0,0.010765147,0.003868688,23.485900885,0.5358379945,31.38885593,0.887236131,8.870867721,0.92598824
G119T,2.0,0.0005909385,1.769450000000002e-05,28.301493335,0.7645422549999985,42.829907055,1.8429366949999988,14.52841372,2.60747895
T120A,2.0,0.000329896,1.2524999999999993e-05,36.611182415,1.6750847749999984,65.57091632000001,1.5254894799999974,28.95973391,0.1495952900000006
T120C,2.0,0.0003141395,2.4994999999999987e-06,37.753193045,1.6355912150000016,64.68234373,0.738724989999998,26.92915068,0.8968662300000005
T120G,2.0,0.000193526,6.499999999999995e-06,26.329983395,0.5265802449999999,35.93872098,2.517620700000002,9.608737585,1.9910404550000003
G121A,2.0,0.004012694,0.000443192,23.057222515,0.7059851049999999,57.94130966,0.25141484999999975,34.884087140000005,0.45457024999999973
G121C,2.0,0.0055403555,0.0003358285,20.443327840000002,0.7437737299999991,44.00998449,1.413466249999999,23.56665665,0.6696925199999999
G121T,2.0,0.000597401,0.000134664,26.388970030000003,0.11435415999999954,46.748695530000006,1.2441431099999996,20.359725500000003,1.35849728
T122A,2.0,0.001524561,0.00029199400000000006,28.0775492,1.39000798,44.78364316,1.1393088699999971,16.706093955,0.25069911499999975
T122C,2.0,0.000715219,0.00022204799999999997,22.56191622,0.7743011499999994,35.974147529999996,1.2883242800000012,13.412231304999999,0.5140231250000005
T122G,1.0,0.003782213,0.002506689,22.315846065000002,0.7417249400000001,30.09159043,1.3437822659999998,9.170595842,1.4861561730000001
T123A,2.0,0.0007550359999999999,5.9922999999999975e-05,27.416903395,1.651535955,43.58149406,1.7140041300000028,16.164590665,0.062468175000001125
T123C,2.0,0.0006090585,5.423450000000002e-05,20.05980058,0.08500135999999969,33.276523305,0.8095580150000004,13.216722725,0.894559385
T123G,2.0,0.0005947605,0.00013190749999999996,27.04207561,0.48755912000000023,40.215048554999996,1.3713599349999974,13.172972945000001,0.8838008149999999
T124A,2.0,0.0005184515,9.54949999999998e-06,27.305583515000002,0.9901847750000012,45.299484684999996,1.5081608850000023,17.99390117,0.5179761099999993
T124C,2.0,0.0006034965,8.686950000000006e-05,22.429345265000002,1.0796904549999997,37.498302935,1.2186450350000015,15.068957675,0.13895458500000046
T124G,2.0,0.000558152,3.191800000000003e-05,32.802254129999994,1.2433050399999992,54.088941365,1.0676220250000021,21.286687235000002,0.17568301499999883
G125A,2.0,0.000575581,7.221999999999979e-06,25.02297016,1.3105546500000003,42.693542525,1.3691105750000006,17.670572364999998,0.05855592499999851
G125C,2.0,0.0008775929999999999,5.097400000000002e-05,25.787131945,1.0605167549999983,45.265482055,1.1495818949999972,19.478350105,0.08906514499999929
G125T,2.0,0.00036051750000000004,4.481500000000008e-06,31.71934472,0.666678919999999,52.43529747,0.9982575800000006,20.71595275,0.3315786599999999
T126A,2.0,0.0002589135,3.491550000000001e-05,33.494007190000005,1.259977799999998,59.569733665,0.7726335350000042,26.075726475,0.48734426500000083
T126C,2.0,0.000278058,2.6336000000000013e-05,36.300744475,1.172735105000001,61.687377645,1.397537804999999,25.386633175,0.22480270499999833
T126G,2.0,0.00030453,1.159799999999998e-05,31.454712970000003,2.4637964599999993,52.647837185,0.7083692650000017,21.193124215,1.7554271949999993
G127A,2.0,0.000387201,8.566599999999998e-05,27.38560796,0.6878129299999998,51.10272311,0.3099111800000003,23.717115145,0.37790174500000084
G127C,2.0,0.0004970875,6.837750000000001e-05,25.43123199,1.5353294300000009,51.88001197,1.6618977999999984,26.448779985,0.12656837499999973
G127T,2.0,0.00034664,6.582300000000001e-05,27.876720745,0.6462069749999984,50.55714634499999,0.5876015450000018,22.6804256,0.05860543000000007
C128A,2.0,0.0003598615,3.4993500000000017e-05,25.340256365,1.1218867750000001,46.82376273,0.9380653099999989,21.483506365,0.18382146500000118
C128G,2.0,0.0003013085,2.094449999999999e-05,26.355658599999998,0.7426546200000015,50.77681403,0.7012207600000018,24.42115543,0.04143385000000066
C128T,2.0,0.0004543295,3.3086499999999996e-05,25.438242385000002,0.8991464750000002,42.44936732,1.3033827000000002,17.01112493,0.4042362199999996
G129A,2.0,0.00025379,1.8489000000000005e-05,35.947248625,1.1234518950000023,61.955732645,1.3380630350000011,26.008484019999997,0.2146111400000006
G129C,2.0,0.00028286,2.8324999999999997e-05,34.489390445,1.3854503650000005,61.639960355,1.2765975549999986,27.15056991,0.10885280999999836
G129T,2.0,0.00029946249999999997,6.044500000000006e-06,33.65105473,1.4253545099999982,58.52625204,1.3806643399999992,24.87519731,0.044690169999999085
G130A,2.0,0.00026206950000000004,9.841499999999997e-06,36.6788357,1.3106766499999978,61.29650158,1.3303246299999998,24.617665879999997,0.01964798000000023
G130C,2.0,0.000270715,2.942400000000001e-05,33.94873132,1.3646551000000002,59.843791100000004,1.420353330000001,25.89505978,0.05569823000000085
G130T,2.0,0.0002813185,2.2738499999999992e-05,36.540159845000005,1.9227683750000004,61.252827825,1.3849408049999994,24.71266798,0.5378275699999993
A131C,2.0,0.000193742,2.5388999999999997e-05,35.977684815,1.5210903049999978,60.60865446,2.5904820199999996,24.630969645,1.069391715
A131G,2.0,0.0003583865,6.191850000000001e-05,35.929423125,1.570603884999997,62.995890239999994,1.381616730000001,27.066467125,0.18898715499999952
A131T,2.0,0.000237709,1.0561999999999998e-05,36.25465489,1.4518821899999992,61.32296528,0.9098521599999998,25.06831039,0.5420300299999994
T132A,2.0,0.0002824695,6.116499999999974e-06,36.158740949999995,1.5403990199999988,62.419582065,1.4091040050000032,26.260841115,0.13129501499999918
T132C,2.0,0.0002851345,4.5371500000000004e-05,28.827798469999998,1.971887220000001,47.68048141,1.6348091599999997,18.85268293,0.3370780599999996
T132G,2.0,0.0003987405,0.00010180049999999999,34.436550505,1.7133542649999995,64.85673987999999,2.788875560000001,30.420189370000003,1.0755212899999993
G133A,2.0,0.00047061350000000005,8.405050000000002e-05,24.917848975,0.7132739449999992,45.23687966,0.4872486000000009,20.319030685,0.22602534500000004
G133C,2.0,0.0005695335,0.0001035415,27.587017545,1.2189076549999989,52.950030444999996,0.4003594150000005,25.3630129,0.8185482400000001
G133T,2.0,0.00043978599999999995,1.9224000000000004e-05,30.38692963,0.8648620299999976,53.90545759,0.92469191,23.51852796,0.05982987999999878
C134A,2.0,0.001102063,0.0002480799999999999,18.4161753,0.2686949599999995,35.62178333,1.4241061800000026,17.20560803,1.1554112199999995
C134G,1.0,0.0011434639999999999,0.0004922209999999999,16.97300315,0.6481399405,26.09014586,0.7754567179999999,9.238895498,0.910659013
C134T,2.0,0.0003324775,5.114499999999973e-06,24.48038061,0.47894838999999934,39.19022517,1.2328512099999998,14.709844565,0.753902815
G135A,2.0,0.0002687505,1.6909500000000018e-05,36.20970916,1.3444750400000025,61.85694096,1.3160336900000011,25.6472318,0.028441350000001364
G135C,2.0,0.0002727945,3.942499999999978e-06,31.663104224999998,1.2452304749999996,58.02564116,0.8802545100000003,26.362536934999998,0.3649759649999993
G135T,2.0,0.00030348150000000004,5.416499999999984e-06,33.808569125,1.188258144999999,57.952166385,1.061940674999999,24.14359726,0.12631747000000004
C136A,2.0,0.0006056575000000001,3.906450000000001e-05,19.573845045,0.5059968850000001,31.418712685000003,1.1531962050000022,11.844867635,0.6471993250000008
C136G,2.0,0.000301337,5.282399999999998e-05,22.377351845,1.323278844999999,38.896338369999995,1.1156637499999995,16.518986525000003,0.20761510500000036
C136T,2.0,0.0003650355,1.4800499999999988e-05,27.258983495,0.43250243499999996,49.685487585000004,0.8693894650000011,22.426504095,0.4368870349999998
A137C,2.0,0.00046297349999999994,0.00011077749999999998,25.50021263,0.7708142900000006,40.00688394,1.942738890000001,14.50667131,1.1719246000000005
A137G,2.0,0.000323566,1.2438999999999994e-05,33.293714255,0.8329018449999985,60.850310185,1.0614699949999995,27.556595925,0.22856815500000138
A137T,2.0,0.0006200345,3.5804499999999965e-05,21.640400915,0.7160060250000004,36.706918375,1.1307329349999975,15.06651746,0.4147269100000006
A138C,2.0,0.001302933,0.000264431,25.909796885,1.1745332949999998,40.143651180000006,2.0198363199999996,14.233854295,0.8453030349999997
A138G,2.0,0.00030644799999999996,3.904999999999984e-06,33.83723578,1.278612950000003,61.04199975,1.4395909899999992,27.204763975,0.16097803500000119
A138T,2.0,0.0007877605,0.0001147845,23.503305665,0.8604713749999995,37.754541270000004,1.4777307999999998,14.2512356,0.6172594199999999
A139C,2.0,0.001531145,3.283499999999994e-05,27.064388445,0.44736291500000114,56.627200875,0.711967155,29.56281243,0.2646042400000006
A139G,2.0,0.0003058695,2.010050000000001e-05,34.888979565,1.0862633050000028,58.43241318,1.0772334100000016,23.543433620000002,0.009029889999998986
A139T,2.0,0.000641151,1.3904999999999983e-05,24.539838005,0.720602435,45.38950717,1.5581668800000017,20.84966916,0.8375644400000013
C140A,2.0,0.0008445815,0.00014117350000000003,25.236315775,1.3740491049999992,36.586182660000006,1.8515104200000003,11.349866884999999,0.47746131499999933
C140G,1.0,0.00037967400000000004,0.000369478,24.69198807,1.144948662,29.34713759,0.865190986,5.272343159,1.219760961
C140T,2.0,0.0005731695000000001,1.3610499999999954e-05,26.15509635,0.7696406000000007,42.571873255,1.0008809950000028,16.41677691,0.23124038999999996
C141A,2.0,0.0010652825,0.0005186415000000001,23.97076533,1.15379903,32.453642555,1.4875211749999995,8.4828772305,0.3337221444999994
C141G,2.0,0.0009263985,5.767549999999993e-05,27.007990874999997,1.386183505,45.892690605,2.010450204999998,18.88469973,0.6242666999999997
C141T,2.0,0.00031194,5.6888e-05,31.35691618,1.338278289999998,47.56865899,1.8987948399999972,16.21174281,0.56051655
A142C,2.0,0.0013719239999999998,0.0006412749999999999,21.623848475,1.5412627850000007,35.920899445,1.5958352650000018,14.29705097,0.054572480000000034
A142G,2.0,0.00042497149999999996,2.1774499999999996e-05,29.558002595,1.1018309950000003,53.893555465,1.2643496250000013,24.33555287,0.16251862999999922
A142T,2.0,0.006578820000000001,0.0019808,20.180419775,0.7274239250000001,27.642510625,1.5874559549999994,7.462090849999999,0.8600320329999991
C143A,0.0,,,23.07366614,0.20323129999999878,,,,
C143G,1.0,1.75e-05,1.64e-05,25.231208510000002,1.1257439245,30.999831899999997,0.657225457,5.742981049,1.4155913999999998
C143T,2.0,0.0036901645,0.0010490795,18.12356846,0.6300381899999987,27.261121765,0.9740230150000002,9.137553311000001,0.3439848250000006
C144A,2.0,0.0001749745,0.00014467450000000003,23.553224890000003,0.055386390000000674,27.755714734999998,1.103627744999999,4.202489845,1.0482413539999997
C144G,0.0,,,18.069693035,0.2748599349999985,,,,
C144T,2.0,0.0049626715,0.00011288050000000027,24.692327105,1.0314137250000002,31.463220125000003,1.316196025,6.770893018000001,0.28478230199999954
A145C,2.0,0.0010463644999999999,0.00035121649999999996,41.800632435,1.0442835849999987,54.451884754999995,0.49253176499999896,12.651252320000001,0.5517518199999998
A145G,2.0,3.5000000000000004e-05,5.3999999999999974e-06,46.38212992,0.014763319999996583,80.229463335,0.5554272950000012,33.847333415,0.5701906150000013
A145T,2.0,0.03240909,0.014583627000000002,27.130278415,0.9534476650000006,49.574851484999996,1.1489028249999969,22.44457307,2.102350489999999
A146C,0.0,,,17.17437355,0.6233152300000011,,,,
A146G,0.0,,,18.544385570000003,0.14004631000000067,,,,
A146T,2.0,0.0125428485,0.0019695995000000004,26.669966935,0.9478583650000019,50.06472711000001,1.29683468,23.39476018,0.3489763099999994
A147C,2.0,0.0004995735,8.19885e-05,42.154229635,1.3130388350000004,54.24390017,0.9234744599999978,12.08967054,0.38956437000000044
A147G,2.0,0.0077453365,0.0050578135,31.332942125000002,0.4731151950000001,42.654741585,0.2535011150000024,11.321799465000002,0.21961407499999996
A147T,2.0,0.0013945214999999999,2.23275e-05,34.708393029999996,1.06685199,68.29237201000001,1.0089927000000003,33.58397898,0.057859289999999675
G148A,0.0,,,24.98861927,0.6074125099999996,,,,
G148C,0.0,,,34.207455444999994,0.4277526250000001,,,,
G148T,0.0,,,30.942689305000002,0.5279734849999986,,,,
G149A,2.0,0.0011235144999999999,0.00017742550000000005,49.423447825,1.3346947450000002,67.78807351500001,0.994205854999997,18.36462569,0.3404888899999996
G149C,0.0,,,30.89597098,1.043420320000001,,,,
G149T,2.0,0.000371457,0.00013701600000000006,29.949920705,1.8078214250000002,39.37505802,0.46485752999999974,9.425137318,2.2726789619999996
G150A,2.0,0.0103581565,0.0039565965,31.69035246,0.8929332400000032,43.33394603,0.8486449500000006,11.64359357,0.0442882899999999
G150C,1.0,0.000307771,0.000147213,22.835483635000003,0.7970657355,28.33789433,0.38681693100000003,4.88393172,0.543466801
G150T,2.0,0.011918045,0.004368452,27.62578486,0.7371096600000016,49.91492016,3.4651292100000006,22.289135299999998,2.728019550000001
G151A,2.0,0.022357171000000002,0.0027195429999999996,29.653542575000003,0.8843667749999984,39.958211320000004,1.4740922500000018,10.30466874,0.5897254700000003
G151C,0.0,,,18.352829125,0.05623131499999978,,,,
G151T,1.0,0.000101166,6.850000000000001e-05,27.072279225,0.7376540759999999,32.51425956,0.584781248,6.344801717999999,1.029194697
A152C,2.0,0.000330437,2.3988999999999976e-05,31.93068768,0.5610216399999999,57.631786070000004,0.8389114899999974,25.701098395,0.2778898450000007
A152G,2.0,0.0007750649999999999,0.00027324799999999997,38.285184064999996,0.9766282950000011,44.984361750000005,1.7501066499999993,6.699177678,0.7734783530000002
A152T,2.0,0.0039120805,0.0007123245,46.245761445,1.2800966550000012,55.171926145,1.595473405,8.926164699000001,0.3153767519999997
C153A,2.0,0.0015791615,2.911449999999996e-05,36.29905939,1.0862129399999993,71.032616815,1.0652756850000031,34.73355742,0.02093726000000018
C153G,2.0,0.0026777075000000003,0.00021935550000000002,38.3149927,0.6066934000000046,68.009075745,2.2546247249999993,29.694083040000002,1.6479313300000005
C153T,2.0,0.000833722,5.189999999999969e-06,32.473218285,0.8977329350000005,64.68336723499999,1.1872829949999968,32.210148950000004,0.28955005999999983
G154A,2.0,0.000247905,1.362000000000005e-06,37.08226039,0.8004531700000008,67.56432366499999,0.8140788950000015,30.482063280000002,0.013625720000000285
G154C,2.0,0.0007283315,4.0412499999999986e-05,26.91251285,1.1674377400000004,67.29425499,1.381816630000003,40.381742134999996,0.21437888499999858
G154T,2.0,0.0006053075,0.00021096149999999994,29.699468875,1.5369674549999992,58.989986849999994,3.8111146,29.290517975,2.2741471450000006
T155A,2.0,0.000884043,5.81999999999948e-07,29.65643369,1.0729987700000017,62.52615973,1.219249510000001,32.869726035,0.14625074499999968
T155C,2.0,0.00033142349999999997,1.40025e-05,33.024802765000004,1.0742030550000017,58.766376365,1.772669295,25.741573605,0.6984662349999997
T155G,2.0,0.001468241,0.0002681710000000001,33.234250825000004,0.322051284999997,59.417840385,0.22105563499999903,26.18358956,0.10099564999999977
C156A,2.0,0.0008734314999999999,0.00015516249999999998,27.28427238,0.4931388400000003,44.206279890000005,0.29812399999999784,16.92200751,0.1950148399999989
C156G,2.0,0.0006453005,0.00010501949999999999,28.50656811,0.60916499,44.557114905,0.9243938050000011,16.050546795,0.3152288150000002
C156T,2.0,0.0006205115,5.8386500000000014e-05,30.17106933,1.168231539999999,52.276737185,1.2076231150000005,22.10566785,0.039391569999999376
T157A,2.0,0.0007058044999999999,9.27875e-05,23.829813915000003,0.9366693050000006,31.187021474999998,0.8931403949999996,7.357207562499999,0.043528909500000434
T157C,2.0,0.0004585495,0.00011228249999999999,28.58429768,0.8988848799999989,32.83211647,0.3760085800000006,4.247818789,0.5228763020000002
T157G,2.0,0.0008312419999999999,0.00018455299999999995,16.130984605,0.734578954999999,19.869258435,0.24144543499999926,3.738273828,0.9760243919999998
T158A,2.0,0.0019754175,0.0016700465,27.33390119,0.67240754,30.704591834999995,1.465044335,3.3706906460000003,0.7926367920000001
T158C,2.0,0.00027400199999999997,4.966600000000001e-05,24.916702155,0.8766411349999998,31.79595774,0.5596559800000005,6.879255582,0.3169851569999995
T158G,0.0,,,33.302930235,0.9160945550000008,,,,
T159A,0.0,,,30.12163183,0.37855454000000144,,,,
T159C,0.0,,,16.95717884,0.29736377000000047,,,,
T159G,0.0,,,48.811775780000005,0.8409298499999984,,,,
G160A,2.0,0.000610617,0.00012698899999999999,18.646932905,0.6491305250000003,26.240162599999998,1.1031773400000002,7.5932296955,0.4540468154999999
G160C,1.0,0.001140575,0.000914938,14.298092404999998,0.6816895695,19.27938742,0.821149182,5.4345241060000005,1.002086203
G160T,1.0,0.00020931,5.36e-05,19.332836705,2.381585788,38.3912591,0.702243112,17.2659823,0.993876072
C161A,2.0,0.0005644655000000001,7.188749999999998e-05,24.117859875,0.9726298050000004,37.47527013,1.7321613199999994,13.357410255000001,0.7595315149999999
C161G,2.0,0.00091354,0.00015603600000000002,23.66699543,0.5478161800000017,32.425573605,0.40106305499999806,8.758578179499999,0.14675312050000056
C161T,2.0,0.00030528049999999996,3.297550000000001e-05,33.4625969,0.8390726900000018,55.662038464999995,1.0207919350000019,22.199441565,0.18171924500000003
G162A,2.0,0.00030663399999999996,2.5683000000000005e-05,34.842750030000005,1.5899210799999999,57.689432710000005,1.3529345699999986,22.846682684999998,0.23698650499999907
G162C,2.0,0.000299505,1.7467000000000014e-05,34.03215854,1.2954489799999998,56.1940659,1.2082159499999996,22.16190736,0.08723303000000016
G162T,2.0,0.000314753,2.553399999999999e-05,31.217389994999998,1.577129134999998,52.00405616,1.4596488500000007,20.786666165,0.11748028499999918
T163A,2.0,0.0002878855,3.097450000000003e-05,33.455009415,1.2603690850000007,56.81505757,1.7437970000000007,23.360048159999998,0.4834279100000014
T163C,2.0,0.00033292850000000003,5.154999999999852e-07,33.272312555,0.8081967849999998,52.817381139999995,1.3458894000000008,19.54506858,0.5376926100000006
T163G,2.0,0.0003200905,0.00013105149999999998,36.837566755,0.05170086500000082,59.786232695,0.310408455000001,22.94866594,0.2587075900000002
A164C,2.0,0.000519127,9.808600000000002e-05,26.17880886,1.2837174199999986,43.077878505,1.5269623249999995,16.899069644999997,0.24324490499999918
A164G,2.0,0.0003277495,2.1995499999999976e-05,35.3735348,0.47003528000000117,60.23956135,1.1802914099999988,24.86602655,0.7102561299999994
A164T,2.0,0.000327641,8.933999999999993e-06,26.659699685,0.8297709050000002,40.76123815,0.10429427000000047,14.101538465,0.7254766249999998
T165A,2.0,0.000274114,8.9e-07,35.570606784999995,1.2773708050000003,60.415934109999995,1.514759999999999,24.845327320000003,0.23738920000000086
T165C,2.0,0.00025301100000000003,4.4510000000000155e-06,32.57984788,1.3848573099999975,51.8861275,1.7283851400000003,19.306279619999998,0.3435278300000011
T165G,2.0,0.0003280765,8.79125e-05,35.596720445,1.7265886049999999,58.3845211,1.8434162699999987,22.78780065,0.11682767000000105
G166A,2.0,0.000226072,1.8332000000000014e-05,36.862209765,0.7706213149999996,43.388868125,0.8917487250000029,6.5266583605,0.12112740849999959
G166C,1.0,0.000818466,0.000606812,26.802753815000003,0.5897975560000001,32.24533406,0.6074104339999999,4.458989245,0.758578057
G166T,2.0,0.0002400705,2.414500000000002e-06,30.483802145,1.5396915549999974,43.533657915,0.8150222550000024,13.04985577,0.7246692999999995
C167A,0.0,,,40.171859014999995,0.9259195749999982,,,,
C167G,1.0,0.00010170200000000001,9.279999999999999e-05,27.98963398,0.5453886975,30.95121626,0.394448631,2.9472867239999996,0.656784506
C167T,2.0,0.000288804,1.0671999999999982e-05,33.076201534999996,1.2043468449999999,44.667533735,0.5740322549999988,11.5913322,0.6303145899999993
A168C,1.0,9.690000000000001e-05,8.78e-05,37.48451662000001,1.24832471,42.52865453,0.6950048129999999,5.811054932999999,1.226197006
A168G,2.0,0.000329525,1.0454000000000019e-05,34.25522998,1.2713934800000004,57.630768965,1.028674774999999,23.375538985,0.2427187049999997
A168T,2.0,0.000365511,7.3956e-05,31.351075944999998,0.743452164999999,36.235448739999995,0.38821899000000215,4.8843728005,0.3552331765000001
A169C,2.0,0.0002147445,3.1100500000000005e-05,31.58478118,1.1278613300000018,37.019889355000004,1.2309779549999966,5.435108175,0.10311662300000002
A169G,2.0,0.00031436150000000004,1.0455500000000015e-05,29.160176215,0.835176885000001,51.930191775,1.4598627650000007,22.770015559999997,0.6246858799999995
A169T,2.0,0.0008426969999999999,0.00023502299999999995,28.801037545,1.3505820550000003,36.645971615,1.3681529549999993,7.844934077,0.017570899000000306
A170C,2.0,0.0082737225,0.0009274695,26.226181375,0.6766581350000003,59.55859662,0.810605749999997,33.33241524,0.13394760999999988
A170G,2.0,0.0002863435,1.0948499999999999e-05,34.921096445,1.071877924999999,60.669609015000006,1.134421634999999,25.74851257,0.06254370999999992
A170T,2.0,0.0013239760000000001,0.000222801,21.6173134,1.0448517600000002,32.736201045,1.0492596049999996,11.11888764,0.0044078399999989415
G171A,2.0,0.0005667059999999999,0.00012100900000000002,35.28064879,0.9639275000000005,45.66885553,1.1064525799999991,10.388206740000001,0.14252507999999953
G171C,2.0,0.001185782,2.5924999999999993e-05,29.585137359999997,0.9532424099999997,51.11737092,1.5733818100000008,21.53223357,0.6201393999999993
G171T,2.0,0.00031207100000000003,2.455899999999998e-05,29.58704305,1.0903984399999995,41.39644369,1.3037225799999987,11.80940064,0.2133241400000001
T172A,2.0,0.0007905804999999999,1.368849999999999e-05,30.975264725,1.3763693649999986,63.83299693,1.8890657199999978,32.85773221,0.5126963499999988
T172C,2.0,0.000377464,4.453400000000002e-05,28.435531089999998,1.8401427100000003,69.31650377,2.844208429999995,40.88097268,1.0040657199999998
T172G,2.0,0.0006429725,6.281150000000003e-05,31.572473265,0.016205414999999945,71.85457632,2.147156239999994,40.28210306,2.130950819999999
A173C,2.0,0.0044641789999999995,0.003917062,27.31881783,2.4451237,43.22500492,4.4887248500000005,15.906187095,2.0436011450000002
A173G,2.0,0.0127160045,0.0022369535000000005,34.07017354,1.0009008700000024,48.046258699999996,1.73128994,13.97608516,0.7303890700000002
A173T,2.0,0.007967032,0.0004187319999999998,28.915224845,1.0191494550000009,58.881466005,1.3458247350000008,29.96624116,0.3266752799999999
A174C,2.0,0.008731975,0.001197609,27.69548125,0.8275399099999987,57.197773104999996,0.4881641450000025,29.502291845,0.3393757649999998
A174G,0.0,,,30.616171015,0.7312883550000002,,,,
A174T,2.0,0.0045606284999999995,0.0007140684999999995,28.17825911,1.3797806900000005,46.4439558,1.4307579200000013,18.2656967,0.05097723000000087
A175C,2.0,0.0078147765,0.0006497585,23.086593184999998,0.6974654850000004,73.11300227999999,0.8333859000000032,50.026409095,0.13592041500000107
A175G,2.0,0.0035939795000000004,0.00035113950000000027,53.222995035,1.3052846250000023,62.027814795,1.449201415000001,8.8048197635,0.14391679349999986
A175T,2.0,0.002486989,0.00012718899999999977,52.1773225,1.3664077500000005,83.852601295,0.7188055750000046,31.675278795,0.6476021749999994
C176A,2.0,0.007076625499999999,0.0044467165,27.469482255,0.912516385,36.727291255,0.06760242500000047,9.2578089985,0.8449139614999996
C176G,0.0,,,34.97316317,0.7921250999999998,,,,
C176T,0.0,,,18.912441805,0.09069306499999996,,,,
T177A,0.0,,,37.242195805,0.9162657649999986,,,,
T177C,2.0,0.002097311,0.001072729,27.74794884,1.29377545,34.424577715,2.0627930449999994,6.676628871,0.7690175939999997
T177G,0.0,,,36.16630501,0.7171330900000008,,,,
T178A,2.0,0.0033891085,0.00013964749999999986,36.65842977,1.2780862100000014,59.06497553,1.1730917100000013,22.40654576,0.1049945000000001
T178C,2.0,5.965e-05,4.549999999999999e-06,36.94616085,1.1842627899999982,86.75667424,0.6260508399999978,49.81051338499999,0.558211945
T178G,0.0,,,27.184105834999997,1.4795677549999997,,,,
T179A,0.0,,,77.58584762000001,0.21622521999999122,,,,
T179C,1.0,0.0009032339999999999,0.0007000489999999999,67.87380433999999,0.7735690685000001,71.51695113,0.59394582,4.391675313,0.789979735
T179G,0.0,,,52.857960045,1.393239874999999,,,,
C180A,0.0,,,27.57027884,0.8973576599999991,,,,
C180G,0.0,,,35.016354835,0.26168380500000055,,,,
C180T,0.0,,,26.805571559999997,1.1462472899999998,,,,
A181C,2.0,0.0272636055,0.010188126500000002,31.688781645,0.1460996149999989,51.291778565,0.6957854250000004,19.602996915,0.8418850349999989
A181G,2.0,0.0021266354999999997,8.742499999999905e-06,58.58579807,1.4742327599999996,76.486827645,0.826212445000003,17.901029575,0.6480203150000001
A181T,2.0,0.0029648245,8.348950000000013e-05,32.158286094999994,1.0276848049999963,81.14681041,1.2120818500000041,48.988524315,0.1843970449999972
G182A,0.0,,,20.48036549,0.10721154999999882,,,,
G182C,0.0,,,20.17134166,0.38585325000000026,,,,
G182T,2.0,0.000144197,1.6299000000000015e-05,10.9410624,0.10387420999999986,14.186757145000001,0.10747650500000017,3.245694748,0.21135071599999988
G183A,0.0,,,23.68641065,0.3038495499999989,,,,
G183C,0.0,,,12.887178545000001,0.16745674499999996,,,,
G183T,2.0,0.000177643,4.3222e-05,22.086102275000002,0.47039610500000073,27.635578025,0.12345781500000008,5.549475751000001,0.3469382910000003
T184A,2.0,0.004289716,0.00026745299999999996,20.017553425000003,0.6170049950000003,38.547725635000006,1.4286491750000003,18.530172205,0.8116441850000005
T184C,2.0,0.0005782935000000001,1.3749999999999657e-07,17.65358811,0.2925532000000004,27.938744745,0.49353873499999956,10.28515664,0.20098553000000052
T184G,2.0,0.0019087255000000002,3.268849999999996e-05,21.567498285,1.2824370050000002,52.06014685,0.8562279699999991,30.49264856,0.426209029999999
G185A,2.0,0.0001958045,1.2632500000000005e-05,45.73958355,0.4393712700000023,62.757193814999994,0.32951298499999737,17.017610259999998,0.1098582799999992
G185C,2.0,0.0009402074999999999,2.0138500000000065e-05,19.398963925,0.7293640649999986,56.11641188,1.246541539999999,36.717447955,0.5171774750000004
G185T,2.0,0.00027155800000000003,1.3360000000000021e-06,30.532944774999997,1.022991265,55.7130122,0.9806406100000018,25.180067425,0.042350654999999904
C186A,2.0,0.00045697650000000006,1.133499999999985e-06,27.703890055000002,0.32420070500000087,47.702994685,1.3138038849999987,19.999104625,0.989603185
C186G,2.0,0.0015745305,0.00018851650000000007,26.205876585,0.40179610500000074,50.85732795,1.6120043300000013,24.651451360000003,1.2102082200000002
C186T,2.0,0.0005458425,9.915500000000051e-06,30.594304365,0.4861650950000005,45.01252197,0.6875331299999985,14.418217605,0.20136803499999978
C187A,2.0,0.0002805065,4.36895e-05,29.419279305,0.6918041549999998,41.275615450000004,1.397490750000003,11.856336145,0.7056865949999995
C187G,2.0,0.0008742465,4.020450000000002e-05,28.756782965,1.4072644449999991,42.765715494999995,1.9427393150000007,14.00893253,0.5354748699999998
C187T,2.0,0.0013172994999999998,0.00022159449999999993,27.021963915,0.5169100350000004,40.970088235,1.307827005,13.948124315000001,0.7909169650000001
A188C,2.0,0.0009013739999999999,9.519999999999998e-05,27.291590484999997,0.7679109149999981,65.99820808,2.0296266199999984,38.70661759,1.2617157099999972
A188G,2.0,0.000632063,3.0646000000000004e-05,33.734664625,1.076415605000001,56.37667614,1.3813195500000006,22.64201151,0.3049039399999991
A188T,2.0,0.0012377619999999999,7.636900000000007e-05,30.68608458,1.5715703199999993,46.71565751,2.330200359999999,16.029572935,0.7586300350000004
G189A,2.0,0.0005610525,3.2515000000000213e-06,38.132364325,1.5368534049999987,83.18405435,0.48307375999999635,45.051690025,1.0537796449999988
G189C,2.0,0.005566186,0.003273826,65.37815073,1.1933193699999975,71.96367946999999,0.18215491000000128,6.585528742500001,1.3754742795000001
G189T,2.0,0.004208218499999999,0.00028105749999999966,33.920849704999995,1.339159415000001,77.68160216000001,0.43655790999999766,43.76075245,0.9026015100000002
G190A,2.0,0.0012845965,0.0001016045000000001,66.94012565,0.9902057700000029,90.18536881,0.4617692000000062,23.245243165,0.5284365649999998
G190C,2.0,0.0027673835,0.00047481550000000013,65.40397253500001,1.406420715000003,86.975995055,0.6593980549999969,21.572022519999997,0.7470226600000007
G190T,2.0,0.001211556,0.000115318,61.272682085,1.462859635000001,80.73875969,0.06583255000000321,19.466077605000002,1.3970270849999995
A191C,0.0,,,47.51655442,1.1718341400000014,,,,
A191G,2.0,0.0070312575000000006,0.0003844394999999996,14.7689569,0.4436690299999997,40.230753865,1.4902025050000027,25.461796965,1.0465334649999996
A191T,2.0,0.020147580999999998,0.0041113029999999984,20.000262485,0.743077435,37.183483145,0.3561656049999975,17.18322066,0.38691182999999896
C192A,0.0,,,62.331608055000004,1.2680060849999997,,,,
C192G,0.0,,,36.0052929,1.2761234299999984,,,,
C192T,2.0,0.0026183495,0.0010010255000000002,14.51011025,0.5824905099999995,22.71872153,1.220524600000001,8.208611278500001,0.6380340935000004
A193C,0.0,,,24.957435489999998,0.6570674099999998,,,,
A193G,2.0,0.0072333104999999995,0.0012416695,16.579850225,0.5754929650000005,36.37538408,1.559945889999998,19.795533855000002,0.9844529250000011
A193T,2.0,0.002941084,0.0003986879999999999,27.922509515,0.9255513150000017,42.42051866,1.8884869799999997,14.49800914,0.9629356700000002
G194A,0.0,,,47.17522735,0.902469840000002,,,,
G194C,1.0,0.000250645,0.000150271,54.50460128,0.9142552820000001,59.37655266,0.518536915,5.937737957,0.8227475759999999
G194T,0.0,,,67.254556495,0.33360858500000035,,,,
A195C,0.0,,,56.648427185,1.194152655,,,,
A195G,2.0,0.0005185439999999999,1.7337000000000027e-05,25.56911827,1.2701325600000004,54.691178155,1.5849659050000007,29.122059885,0.31483334500000026
A195T,2.0,0.0019251135,0.0004969245000000001,35.528793805,1.5139932049999985,48.44586406,2.209695029999999,12.91707025,0.69570182
G196A,2.0,0.0016786455,0.00044118650000000016,45.74465455,1.997187529999998,61.15815536,1.8732495699999987,15.413500814999999,0.12393796500000054
G196C,2.0,0.0008473845,7.727550000000003e-05,59.086487845,1.952884625000003,72.077362875,1.0409236449999995,12.990875035,0.9119609749999995
G196T,2.0,0.0009792989999999999,0.00020836299999999993,45.88386725,2.776143189999999,63.881149125,1.5109497649999994,17.997281870000002,1.265193420000001
A197C,2.0,0.00043213349999999997,6.984350000000002e-05,33.804272835,1.6822428850000009,52.830532364999996,1.670789684999999,19.026259535,0.011453205000000466
A197G,2.0,0.000243174,1.7899999999999947e-07,41.67599246499999,1.4544329349999963,64.21665971,1.054116669999999,22.54066725,0.40031625999999854
A197T,2.0,0.000209074,8.358000000000017e-06,58.361363935,2.163693694999999,75.04599093499999,1.146552105000005,16.684627,1.0171415900000005
A198C,2.0,0.00033439850000000003,3.275049999999999e-05,34.784754899999996,0.45380049000000255,60.609219785,2.336771374999998,25.82446489,1.8829708800000002
A198G,2.0,0.00017297649999999999,8.019499999999986e-06,61.865189720000004,1.397580119999997,73.496215025,0.9028095050000005,11.631025305000001,0.49477062500000013
A198T,2.0,0.00020384,1.9988e-05,51.84748197,1.536007429999998,69.81297495000001,1.351053020000002,17.965492984999997,0.1849544149999982
C199A,2.0,0.0002365965,8.229949999999999e-05,38.30973396,0.7268839599999984,61.7055542,0.9243930599999999,23.39582024,0.19750909999999955
C199G,2.0,0.00023303950000000002,4.706450000000002e-05,74.669125245,0.9053515749999974,84.495547135,0.7485967450000004,9.826421890999999,0.15675482699999943
C199T,2.0,0.000232738,9.702999999999985e-06,63.851075105,1.7951802749999999,76.365486335,1.0887514650000014,12.51441123,0.7064288100000002
C200A,2.0,0.0002171655,1.2005499999999999e-05,61.617091505000005,1.278967755,73.2010226,1.4104411400000032,11.58393109,0.13147338000000008
C200G,0.0,,,62.76350723,0.5575066399999997,,,,
C200T,2.0,0.000178004,6.536999999999982e-06,60.03174182,2.1078953600000006,73.853864695,1.1210557550000004,13.822122875,0.9868396050000001
T201A,2.0,9.745000000000001e-05,7.499999999999979e-07,79.133456455,1.3156204250000059,85.19700381,0.6646389400000032,6.0635473565,0.6509814844999999
T201C,2.0,0.00028157750000000004,5.909499999999995e-06,28.272759645,0.5866372250000005,60.504701985,2.0977601549999996,32.231942335,1.511122935000003
T201G,2.0,0.00012990499999999998,5.010500000000001e-05,59.62059449,1.0063826899999988,74.24787616,1.014422879999998,14.627281665,0.008040185000000477
T202A,2.0,0.00022132899999999998,4.158699999999998e-05,53.496941065,1.5998682449999997,72.28103461,0.94342185,18.784093545,0.6564463949999997
T202C,2.0,0.00025746600000000003,7.2030000000000325e-06,39.879509365000004,1.5141001150000015,67.913570245,1.3617982450000028,28.034060875,0.15230187499999914
T202G,2.0,0.0001648065,9.475499999999994e-06,59.366577375000006,2.277378445,74.3752891,0.7289359399999995,15.008711725,1.5484425049999988
C203A,2.0,0.00022441350000000003,2.016850000000001e-05,55.14403666,1.480544909999999,72.67195611,1.2165074099999984,17.527919455,0.264037505000001
C203G,2.0,0.0002782315,1.824550000000002e-05,54.412337045,1.3228160950000003,72.956242525,1.2120415350000044,18.54390548,0.11077455999999941
C203T,2.0,0.0001333115,8.391500000000003e-06,79.662899625,1.0578980550000026,86.34513624499999,0.5059614749999994,6.682236616499999,0.5519365774999998
A204C,2.0,0.0002174025,3.3318499999999976e-05,38.53831198,1.7375610800000025,62.88793792,1.6965621300000002,24.349625940000003,0.040998950000000534
A204G,2.0,0.00022036450000000003,8.160499999999998e-06,39.33978112,1.4457825500000006,62.966091150000004,1.182776490000002,23.62631003,0.2630060600000004
A204T,2.0,0.0002510845,5.028500000000001e-06,37.060939,2.1479147999999952,63.854779185,1.496949114999996,26.793840185,0.650965685000001
T205A,2.0,0.000235013,2.0081000000000013e-05,47.363416279999996,1.724738470000002,66.671521525,1.397671035000002,19.30810524,0.3270674299999996
T205C,2.0,0.00027865349999999997,8.15000000000093e-08,35.364318510000004,1.1274973600000031,61.74721805,1.5826562200000005,26.382899539999997,0.45515885999999917
T205G,2.0,0.00024048650000000002,9.53250000000001e-06,36.661263715000004,1.4906324249999976,62.857155855,1.1235475449999974,26.195892135,0.36708487499999976
T206A,2.0,0.0001595395,1.7242500000000003e-05,56.470772955,1.2307341950000001,64.88974315,1.6668241899999998,8.4189702,0.4360899960000002
T206C,2.0,0.0001772415,7.421500000000003e-06,69.60943716,1.400271680000003,81.276188115,0.5093082149999972,11.666750955000001,0.8909634550000005
T206G,2.0,0.0002006805,8.412499999999994e-06,40.987733649999996,1.3863045899999982,66.734158565,1.1209458550000022,25.74642491,0.2653587400000017
T207A,2.0,0.00024642749999999997,2.5899499999999998e-05,36.88079707,1.4721600499999994,63.65579814,1.1868388299999992,26.775001070000002,0.2853212199999984
T207C,2.0,0.0002749335,2.5504999999999885e-06,26.85072288,0.8536859700000008,60.303249325,1.5642340750000017,33.45252644999999,0.7105481000000005
T207G,2.0,0.00025385199999999994,4.2639999999999985e-06,32.932419575,1.0512808249999974,59.00421663,1.814801039999999,26.071797055,0.7635202149999998
T208A,2.0,0.00026837949999999997,1.6300499999999998e-05,27.18145253,1.714394910000001,65.187472385,1.155512795,38.006019855000005,0.5588821149999994
T208C,2.0,0.000278608,5.899000000000019e-06,26.726682425,0.524533765000001,64.27711429,1.4777309800000002,37.550431865,0.953197215000003
T208G,2.0,0.00021100950000000002,3.9644499999999996e-05,30.983246695,2.5108093050000004,66.89471143,1.6974481200000042,35.91146473,0.813361190000002
A209C,2.0,0.0003023815,6.18135e-05,44.38260568,0.6098338699999992,70.995565605,0.2657706950000005,26.612959925000002,0.3440631750000023
A209G,2.0,0.000248216,1.869399999999998e-05,38.587276215,1.2837708749999983,67.55518314,0.9006386200000023,28.967906925,0.3831322549999996
A209T,0.0,,,70.31194089499999,0.4705875149999983,,,,
C210A,2.0,0.000298099,1.5948999999999992e-05,23.744150134999998,1.3050082850000013,66.286215855,1.5123324250000039,42.54206572,0.20732414000000077
C210G,2.0,0.000275939,8.1226e-05,21.70709221,0.13354271999999945,65.94560864,0.7461158899999987,44.238516430000004,0.6125731800000018
C210T,2.0,0.0003102685,4.966500000000001e-06,19.12476833,0.86231261,63.14575541000001,1.10256824,44.02098709,0.24025563000000005
A211C,2.0,0.0002007675,2.67725e-05,32.4119213,0.4861396899999981,61.934464905,1.251454074999998,29.522543605,0.7653143849999999
A211G,2.0,0.0002883035,3.195500000000007e-06,28.279423635,0.7661373549999997,65.66183982999999,1.7454126499999987,37.38241619,0.9792752999999976
A211T,2.0,0.000258055,3.1940000000000104e-06,25.75915993,1.2864477399999998,67.69129982,1.0500828899999988,41.93213989,0.23636485000000107
T212A,2.0,0.0002710755,2.258499999999999e-06,31.8234449,1.5624217699999985,69.26903917,1.1413739700000036,37.44559427,0.4210478000000002
T212C,2.0,0.000251238,9.232999999999984e-06,36.041378945,1.1221311450000044,63.996871535,1.0186074449999971,27.955492595000003,0.10352369499999803
T212G,2.0,0.0002556435,5.8855000000000235e-06,28.347200735,2.2144094350000003,67.06881547,0.025724799999998993,38.72161473,2.2401342399999997
G213A,2.0,0.000227555,1.4302e-05,55.347917785,1.6955100050000027,76.52039309,1.3910290900000035,21.172475305,0.30448091500000096
G213C,2.0,5.85e-05,1.4299999999999995e-05,78.91140712500001,0.05644184500000194,86.76197598,0.1522611999999981,7.850568852,0.20870304500000003
G213T,2.0,0.0002667015,9.32205e-05,62.876914244999995,2.177794384999995,75.665263005,0.3955725149999978,12.788348760000002,1.7822218699999999
A214C,2.0,6.33e-05,2.0499999999999997e-05,71.50982399,1.3603931900000035,77.001729005,1.6930885849999981,5.4919050205,0.33269539550000005
A214G,2.0,0.000294118,4.352000000000002e-06,37.695625905,1.448227854999999,70.26648974,1.397443789999997,32.570863835,0.050784064999998435
A214T,2.0,0.00014494,1.5888999999999996e-05,61.419396649999996,1.7276391900000014,73.434864595,1.0865936650000023,12.015467945,0.6410455349999999
G215A,2.0,0.000297939,1.426699999999999e-05,30.163214935,1.0765345150000005,64.1411883,1.1203471099999973,33.977973365,0.04381259500000212
G215C,2.0,0.000206315,2.1615000000000002e-05,57.52723713500001,1.7965760349999975,71.1870184,1.08213808,13.659781265,0.7144379550000002
G215T,2.0,0.0002028275,2.1064500000000008e-05,47.40032494,1.6782032099999995,65.025213355,1.1694145250000005,17.624888409999997,0.5087886800000003
G216A,2.0,0.0001685175,7.252499999999999e-06,72.59552221,1.5502613200000042,81.541874315,0.7939001149999996,8.946352102999999,0.7563612050000001
G216C,1.0,0.000127181,9.990000000000002e-05,74.416474035,0.947326341,78.74787106,0.62481695,5.977568927999999,1.104097737
G216T,2.0,0.0002045335,1.6685500000000015e-05,52.32596271,1.9794152400000016,68.150594815,1.005830865,15.824632105,0.9735843750000006
T217A,2.0,0.00025467200000000006,7.167000000000008e-06,32.31421951,1.56267319,61.919534855,1.2530823150000003,29.605315349999998,0.3095908699999992
T217C,2.0,0.00026913,2.1549999999999955e-06,34.53233008,1.7164415399999982,61.29785796,0.8027464500000008,26.765527885,0.9136950850000005
T217G,2.0,0.00051103,0.00016836600000000003,23.837409725,3.7926951649999996,65.362912645,3.384908965000001,41.525502919999994,0.4077862000000003
G218A,2.0,0.000167341,1.843000000000016e-06,69.33782790000001,1.2814867699999937,82.08390478,0.7128449500000045,12.74607688,0.5686418199999999
G218C,2.0,0.0002493415,8.932499999999996e-06,50.863586850000004,1.1219010600000026,69.48682338,1.0384159099999977,18.62323653,0.08348515000000134
G218T,2.0,0.0003131715,1.1007500000000006e-05,35.215174149999996,2.1735371200000024,59.373893195,1.897869655000001,24.15871904,0.2756674599999993
T219A,2.0,0.000244476,2.6403999999999986e-05,35.414218595,1.7752010049999996,50.289074635000006,1.6400664349999978,14.87485604,0.13513456999999995
T219C,2.0,0.000127406,2.0918000000000005e-05,61.775327454999996,1.1765355649999982,72.301504645,0.983791024999995,10.52617719,0.19274453999999963
T219G,2.0,0.00045788700000000003,0.000122479,32.579471335,0.5194325049999975,55.919806765000004,0.32130027500000224,23.34033543,0.8407327799999997
T220A,2.0,0.000210955,1.2094999999999999e-05,38.85182759,1.4986156200000025,52.355002155,1.8408450149999993,13.503174565,0.3422293950000004
T220C,2.0,0.000273942,1.4592999999999974e-05,29.64949879,1.2252651300000004,51.208158284999996,1.4593198850000029,21.558659505,0.23405475500000072
T220G,2.0,0.0001557745,2.5345000000000077e-06,32.052446245,1.3966072749999991,45.066884685,1.6470799350000007,13.014438445,0.2504726650000002
T221A,2.0,0.0002142595,9.936500000000002e-06,39.331506655,1.425380924999999,54.38407283,1.6125024700000026,15.052566174999999,0.18712154499999922
T221C,2.0,0.0001958665,3.0974999999999953e-06,44.225385925,1.350952865,66.11209808,1.6991764699999976,21.88671215,0.3482236099999998
T221G,2.0,0.00023418450000000003,8.15385e-05,28.323924974999997,0.2748022250000002,39.413863265,0.7276227949999985,11.08993829,0.4528205699999992
C222A,2.0,0.00030582900000000003,4.3085e-05,41.33382041,2.1816451100000016,57.84990082,2.3427427499999993,16.51608041,0.16109763000000044
C222G,2.0,0.000106044,6.143999999999987e-06,25.64284705,1.7591251200000002,33.408994745,2.2830652449999995,7.766147692,0.5239401240000001
C222T,2.0,0.0004393685,4.691249999999998e-05,34.61366008,1.7518749000000007,59.331620775000005,2.004184564999999,24.7179607,0.2523096700000007
T223A,2.0,0.0002752045,4.0245499999999986e-05,43.206915089999995,1.7886305100000008,57.18972472,1.2658896599999991,13.98280963,0.5227408499999999
T223C,2.0,0.000235957,5.036000000000011e-06,50.652608405,1.6515746050000004,72.69924744,1.6263060100000004,22.046639035,0.025268595000000005
T223G,2.0,0.00016874499999999998,5.161599999999999e-05,43.538811284999994,1.1848250450000002,60.01135449,0.6672348200000009,16.472543205,0.5175902250000002
C224A,2.0,0.0001676415,1.72905e-05,45.465557860000004,1.257048430000001,54.246647984999996,1.2766459350000012,8.781090121,0.01959750700000029
C224G,1.0,0.000140885,0.000129566,27.81064641,1.2569878455,32.63420091,0.8164777879999999,6.364571914,1.362965906
C224T,2.0,0.000790903,3.158499999999999e-05,30.109837485,1.4271603249999991,63.917466635,2.2110512849999964,33.80762915,0.7838909599999972
T225A,2.0,0.0008674765,7.616750000000004e-05,48.201430665000004,1.4238931850000007,70.03056366,1.1157921199999947,21.829132995000002,0.3081010650000007
T225C,2.0,0.0004584535,1.5294500000000014e-05,45.44167621,1.177853240000001,65.43519116,0.9692326800000046,19.99351495,0.20862055999999995
T225G,0.0,,,30.242784945,0.5014664049999986,,,,
G226A,2.0,0.000318749,4.271100000000002e-05,84.66734256000001,0.7577269999999956,90.12023161,0.5015696600000012,5.452889045999999,0.25615734199999984
G226C,1.0,3.5600000000000005e-05,2.7600000000000003e-05,87.725106125,0.4139436435,89.34652911,0.19381991899999998,2.345878096,0.470227337
G226T,2.0,8.673050000000001e-05,4.943050000000001e-05,86.674685145,0.17975020500000483,92.80060069999999,0.25383149000000316,6.125915556500001,0.07408128449999962
T227A,2.0,0.000229232,7.6251e-05,81.61225515,0.7599630400000024,85.67456198,0.7148318799999984,4.062306830000001,0.045131158999999865
T227C,2.0,0.001376193,7.556200000000005e-05,28.04073324,0.8375784799999995,57.410327985,1.3890722849999975,29.369594745,0.5514938049999998
T227G,0.0,,,57.191768755,1.2412507849999983,,,,
C228A,2.0,0.000198744,4.3564000000000005e-05,87.90335412,0.4227988399999987,92.126530515,0.0773969749999992,4.223176395,0.34540186699999986
C228G,0.0,,,91.884628085,0.7461062149999975,,,,
C228T,2.0,0.0001589055,1.0082499999999997e-05,64.11665096499999,1.742098954999996,77.41010445500001,0.5272317450000017,13.293453495,1.214867215
C229A,2.0,0.0002499065,4.688350000000001e-05,48.039770274999995,1.507978585,68.20070577,1.517666570000003,20.160935495,0.009687984999999344
C229G,2.0,0.000144593,3.4176999999999995e-05,77.03875958,1.8198652399999986,85.43400081,1.2101540599999936,8.3952412305,0.6097111814999998
C229T,2.0,0.00025823899999999995,3.7760000000000126e-06,39.716952500000005,1.5869701099999993,61.686744884999996,1.8028884150000017,21.969792384999998,0.21591830500000064
T230A,2.0,0.000411316,4.379000000000001e-05,31.05308512,1.45455604,57.55531819,1.9286701400000013,26.502233065,0.47411410499999995
T230C,2.0,0.000292827,5.7649e-05,43.182987159999996,2.2307446399999975,62.714129729999996,1.9575510599999966,19.531142565,0.27319358500000135
T230G,2.0,0.00021135750000000002,1.1674500000000005e-05,46.398466785,1.0793606549999986,66.32990293,2.3646521999999983,19.931436140000002,1.2852915399999993
T231A,2.0,0.00024695399999999997,2.9546000000000005e-05,42.72670444,2.3658369300000004,63.04161621,1.8854292299999997,20.314911770000002,0.4804076999999989
T231C,2.0,0.0001757235,5.607249999999999e-05,53.768989160000004,0.9361241899999975,69.424625165,1.4995323349999978,15.655636009999998,0.5634081499999999
T231G,2.0,0.00017761300000000002,1.9867000000000005e-05,49.69777664,0.8732680399999992,67.10953696499999,0.9020134450000015,17.411760325000003,0.028745405000000446
T232A,2.0,0.000229249,6.7449999999999905e-06,43.428670015,1.5576608249999992,65.35395482999999,1.655222099999996,21.92528481,0.09756126999999992
T232C,2.0,0.00026236049999999996,2.164450000000001e-05,40.693753095,1.5800836250000003,61.810679435,2.0324129149999983,21.116926345000003,0.4523292950000002
T232G,2.0,0.00021560949999999997,6.836499999999995e-06,53.4032914,1.3336177300000003,70.51883449,1.6110761799999977,17.115543090000003,0.27745844999999925
T233A,2.0,0.000271212,2.7390999999999996e-05,38.82648954,1.5132658600000006,62.031636455000005,2.1849754850000025,23.20514691,0.6717096200000015
T233C,2.0,0.000234502,1.3039999999999997e-05,39.503795935,1.9201383649999997,62.411340055,1.347245375,22.90754412,0.5728929899999997
T233G,2.0,0.0002561185,4.358499999999996e-06,37.828645885,1.5064628249999998,61.14231327,1.8508750099999993,23.313667385000002,0.34441218500000126
T234A,2.0,0.0002020065,3.782650000000001e-05,46.78105362,2.2329142399999995,64.555451965,1.9714393649999984,17.774398339999998,0.26147487999999974
T234C,2.0,0.0002201185,1.0822500000000007e-05,36.10319173,1.008331290000001,59.642952475,1.0277673050000011,23.53976075,0.019436009999999726
T234G,2.0,0.00025010799999999997,2.762399999999999e-05,38.746807149999995,1.3298257400000004,62.77013115,1.5097111299999995,24.023324005,0.1798853850000004
T235A,2.0,0.000263263,4.367599999999999e-05,35.295050565,2.021179055000001,57.202462985,2.1048715850000015,21.90741242,0.08369253000000043
T235C,2.0,0.00020404400000000001,3.7276e-05,35.215468075000004,1.6776686149999982,56.95059263500001,1.7545529850000001,21.735124565,0.07688436499999973
T235G,2.0,0.00021086800000000001,3.4650000000000016e-05,45.48481608,1.0722819799999996,64.6270299,2.310756159999997,19.142213825,1.2384741750000003
